name,base_hp,stats_1,stats_2,stats_3,stats_4,stats_5,stats_6,background,race,class_starting,class_starting_level,subclass_starting,class_other,subclass_other,total_level,gold
Molster,8,11,22,11,17,20,12,Urban Bounty Hunter,Aarakocra,Artificer,4,,,,4,305.0
Prailak,103,12,17,18,14,16,16,Charlatan,Tiefling,Warlock,20,The Great Old One,,,20,0.0
Aurilanax,76,18,10,16,13,13,16,City Watch / Investigator,Bugbear,Paladin,7,Oath of the Crown,,,7,0.0
Gamndell Banglebon,127,10,14,16,16,15,18,Clan Crafter,Gnome,Warlock,2,,Bard/Cleric/Wizard,School of Illusion,16,4951.06
Bellek Bouncer,52,10,10,15,12,14,10,Sailor,Half-Orc,Cleric,6,Life Domain,,,6,0.0
Yehudi,41,15,8,14,16,13,16,Far Traveler,Firbolg,Monk,5,Way of the Long Death,,,5,5.0
Rockhand,82,18,14,17,7,8,13,Outlander,Goliath,Barbarian,11,Path of the Wild Soul (archived),,,11,10305.75
Atherinnyia 'Rinn' Teshurr,62,8,14,13,17,12,15,Noble,Elf,Wizard,13,School of Evocation,Sorcerer,Draconic Bloodline,15,73.42
Althovion,58,12,15,15,13,15,16,Charlatan,Human,Sorcerer,14,Shadow Magic,,,14,522.84
Veelan Pheer'ii,12,10,14,14,10,12,13,Far Traveler,Genasi,Fighter,5,Champion,Rogue,Thief,8,10.0
Griv Ungart,12,8,14,12,14,14,10,Clan Crafter,Dwarf,Rogue,1,,,,1,100.0
Alexander Stonecutter,18,14,15,12,13,8,10,Charlatan,Dwarf,Rogue,3,Thief,,,3,202.1
Primalis Thule,12,10,14,10,11,14,17,Folk Hero,Aasimar,Bard,1,,,,1,0.0
Tomeilicus 'Gramps' Mistletoes ,82,8,14,14,15,12,8,,Gnome,Wizard,20,School of Abjuration,,,20,8999.0
Nesalli Thethissi,100,8,14,13,12,10,15,Gladiator,Tiefling,Warlock,17,The Fiend,Sorcerer,Divine Soul,20,2077.83
Naxos,12,15,13,14,12,8,10,,Goliath,Barbarian,1,,,,1,0.0
Ostran Thorngage,48,10,8,15,10,15,13,Mercenary Veteran,Halfling,Cleric,9,Tempest Domain,,,9,1065.5
Hollis Moonbow,124,10,15,12,12,12,12,Folk Hero,Elf,Ranger,20,Hunter,,,20,0.0
Birdbarian,12,12,13,11,14,11,13,Sage,Aarakocra,Barbarian,5,Path of the Berserker,,,5,0.0
Zanark,33,8,8,8,8,8,8,Acolyte,Dragonborn,Rogue,6,Mastermind,,,6,0.0
Elduan Thann III,60,10,15,13,12,8,14,Waterdhavian Noble,Human,Rogue,3,Swashbuckler,Fighter,Battle Master,10,10000.0
Skidorion,22,14,13,10,15,12,8,Soldier,Half-Elf,Wizard,5,,,,5,0.0
Guardian,46,15,8,15,10,12,15,Soldier,Warforged Adaptable,Paladin,6,Oath of Devotion,,,6,52286.71
Farnsworth Farnsworth Farnsworth,41,10,14,15,10,13,17,,Halfling,Bard,9,College of Lore,,,9,0.0
Reginald Hawke,12,0,0,0,0,0,0,,Human,Fighter,7,,,,7,0.0
Petie's Character,12,0,0,0,0,0,0,,Genasi,Barbarian,1,,,,1,0.0
Sev Wolfheart,28,15,14,14,10,10,8,Soldier,Human,Fighter,4,Champion,,,4,484.0
Physty,13,8,14,12,10,13,15,Criminal / Spy,Elf,Rogue,2,,,,2,0.0
Ictoa The Oathebreaker ,9,11,15,15,14,15,17,,Human,Sorcerer,3,Draconic Bloodline,,,3,95.0
Bob,6,8,13,14,12,10,15,Sage,Human,Sorcerer,1,Draconic Bloodline,,,1,0.0
Lander,18,14,10,14,13,18,10,Sage,Human,Cleric,3,Knowledge Domain,,,3,109.0
Calyra,8,14,15,16,9,14,15,Criminal / Spy,Halfling,Rogue,1,,,,1,15.0
Canis Treya,12,0,0,0,0,0,0,,Human,Cleric,1,,,,1,0.0
Noelani Marlowe,12,0,0,0,0,0,0,,Genasi,Druid,3,Circle of the Land (Forest),,,3,0.0
Toron Telsor,46,14,12,14,8,8,15,Noble,Human,Paladin,7,Oath of Devotion,,,7,0.0
Lucinious,28,11,16,13,17,13,15,Entertainer,Tiefling,Bard,5,College of Lore,,,5,225.0
Corrin Underfoot,8,17,16,14,14,15,18,Folk Hero,Halfling,Bard,1,,,,1,100.0
Welf,12,13,8,14,12,10,15,Folk Hero,Goliath,Bard,1,,,,1,0.0
Cade Thorngage,12,8,15,13,12,14,10,Folk Hero,Halfling,Ranger,1,,,,1,15.0
Lil_kamini's Character,12,0,0,0,0,0,0,Sage,Human,Sorcerer,1,,,,1,0.0
Sai Amastacia,10,9,12,14,15,10,12,Sage,Elf,Wizard,2,School of Evocation,,,2,130.0
Sigurd,12,0,0,0,0,0,0,,Human,Fighter,3,Champion,,,3,0.0
CW3_Clare's Character,38,0,0,0,0,0,0,,Human,Rogue,7,,,,7,0.0
Varg,12,8,8,8,8,8,8,,Goliath,Ranger,1,,,,1,0.0
Saeranna Tallithe,12,0,0,0,0,0,0,,Genasi,Ranger,9,Hunter,,,9,0.0
Erin,8,13,8,14,10,15,12,Acolyte,Halfling,Cleric,1,Life Domain,,,1,0.0
"Mort ""Eagle-Eye"" Serenz",12,8,8,8,8,8,8,,Human,Ranger,1,,,,1,0.0
Ravoskan,12,12,15,13,10,14,8,Folk Hero,Dragonborn,Cleric,5,Life Domain,,,5,0.0
Dokut Eciam,12,0,0,0,0,0,0,,Tiefling,Warlock,1,,,,1,0.0
Olutar,12,0,0,0,0,0,0,,Dwarf,Fighter,1,,,,1,0.0
Garulen Talespinner,12,13,10,12,11,12,15,,Dwarf,Bard,1,,,,1,0.0
Owe,18,10,13,14,10,15,10,Sage,Genasi,Druid,3,Circle of the Land (Coast),,,3,135.0
Gimblejam Smallington 3rd,12,0,0,0,15,0,0,,Gnome,Wizard,15,School of Evocation,,,15,0.0
Randy Savage,12,0,0,0,0,0,0,,Dwarf,Paladin,1,,,,1,0.0
Kyros,12,7,12,12,14,15,15,Acolyte,Half-Elf,Cleric,4,Life Domain,,,4,136.0
Barb,12,15,13,14,10,12,8,Folk Hero,Gnome,Barbarian,1,,,,1,0.0
Twyrcel,124,14,18,16,15,17,15,Folk Hero,Half-Elf,Ranger,17,Hunter,,,17,0.0
Qyburn Rhayns,72,14,15,13,8,10,12,Soldier,Human,Ranger,8,Beast Master,Rogue,Assassin,12,9264.11
Mierah Dawnchaser,12,0,0,0,0,0,0,,Elf,Monk,11,,,,11,0.0
Greml Ironborn,12,15,14,15,8,10,8,Soldier,Dwarf,Barbarian,1,,Fighter,,3,87.0
Kaal'Axiuus,18,18,18,17,11,16,19,Acolyte,Dragonborn,Monk,1,,,,1,7.Jun
Niavara Nailo,8,15,17,12,10,14,14,Sage,Elf,Monk,1,,,,1,95.6
KingKebab's Character,12,0,0,0,0,0,0,,Half-Elf,Warlock,1,The Fiend,,,1,0.0
Thorbino's Character,12,8,8,8,8,8,8,,Human,Rogue,1,,,,1,0.0
Test,10,11,8,10,12,16,11,Folk Hero,Elf,Fighter,1,,,,1,0.0
Cricket Diggsberry,10,15,13,14,10,12,8,Soldier,Halfling,Fighter,3,,,,3,0.0
Julian Blackthorne,12,8,12,13,15,14,10,Sage,Human,Wizard,6,School of Evocation,,,6,0.0
Morgran Battlehammer,87,18,8,15,6,13,16,Noble,Dwarf,Paladin,13,Oath of Devotion,Warlock,The Celestial,14,6420.3
Switch of the Shadows,12,10,14,8,13,12,15,Folk Hero,Genasi,Rogue,1,,,,1,10.0
Kotojo D. Zujo,12,8,8,8,8,8,8,,Elf,Rogue,1,,,,1,0.0
Aloth,12,0,0,0,0,0,0,,Human,Wizard,1,,,,1,0.0
SternerStuff's Character,12,0,0,0,0,0,0,,Dwarf,Barbarian,6,,,,6,0.0
Ozkir,12,8,15,13,12,14,10,,Dwarf,Monk,3,Way of the Open Hand,,,3,85.0
Dooby,8,8,13,14,12,10,15,Sage,Half-Elf,Warlock,1,The Fiend,,,1,0.0
Lagimar,12,8,8,8,8,8,8,,Dragonborn,Sorcerer,1,Draconic Bloodline,,,1,0.0
Andy,12,10,15,13,10,10,14,,Half-Elf,Bard,1,,,,1,0.0
Lagoon,15,8,10,6,12,15,15,Soldier,Genasi,Monk,1,,Sorcerer/Bard/Barbarian,Draconic Bloodline/College of Lore/Path of the Berserker,5,0.0
Morlar,104,7,11,13,12,12,11,Soldier,Aarakocra,Bard,13,College of Lore,,,13,0.0
Erindal Windsong,12,13,8,14,10,15,12,,Elf,Cleric,3,Life Domain,,,3,0.0
Jimmy Dungard,12,10,15,14,10,10,13,Criminal / Spy,Halfling,Fighter,1,,,,1,0.0
Test,120,13,12,10,3,11,13,Folk Hero,Tiefling,Sorcerer,20,Draconic Bloodline,,,20,0.0
"Gwaeddan ""Gwen"" Sternhammer",12,0,0,0,0,0,0,,Dwarf,Paladin,1,,,,1,0.0
Walkas,6,12,15,13,10,14,8,Acolyte,Dwarf,Monk,1,,,,1,0.0
Draconismaximus's Character,24,18,18,18,18,18,18,Sage,Human,Wizard,4,,,,4,0.0
Tick Tary Tanner,82,10,14,8,15,12,13,,Gnome,Wizard,20,School of Illusion,,,20,203652.28
Keakian,12,0,0,0,0,0,0,,Halfling,Rogue,1,,,,1,0.0
Rev,38,8,13,12,15,10,14,Sage,Human,Wizard,9,School of Evocation,,,9,0.0
Tarqen,12,10,18,10,12,14,15,Criminal / Spy,Tiefling,Rogue,1,,,,1,0.0
Bevina,28,11,13,11,13,12,18,Criminal / Spy,Dwarf,Druid,5,Circle of the Land (Mountain),,,5,0.0
Shade,18,16,16,15,13,14,13,Criminal / Spy,Tiefling,Rogue,3,Assassin,,,3,10.0
Auberon,12,0,0,0,0,0,0,,Half-Elf,Paladin,1,,,,1,0.0
Mordecai,23,14,10,14,10,18,8,Acolyte,Human,Cleric,8,Life Domain,,,8,0.0
Qiwalyn,46,10,9,10,9,8,10,Soldier,Elf,Barbarian,18,Path of the Berserker,,,18,0.0
Nesmorn,142,9,12,9,6,9,12,Criminal / Spy,Dragonborn,Paladin,17,Oath of Devotion,Warlock/Ranger,The Fiend/Hunter,20,0.0
Araralei,12,0,0,0,0,0,0,,Aarakocra,Monk,1,,,,1,0.0
Punt Speedchunk,12,0,0,0,0,0,0,,Dragonborn,Barbarian,1,,,,1,0.0
Adra,12,8,14,13,10,12,15,Noble,Aarakocra,Bard,1,,,,1,0.0
Siku Sangilak,12,8,14,10,14,10,15,Sage,Dragonborn,Bard,3,College of Lore,Rogue,Thief,6,15.0
Regenault von Carringworth,12,0,0,0,0,0,0,,Human,Sorcerer,1,,,,1,0.0
Shirali,20,12,16,10,12,14,7,Criminal / Spy,Dragonborn,Monk,3,Way of the Open Hand,,,3,16.0
Noremin,12,12,16,11,12,8,9,,Human,Rogue,1,,,,1,0.0
BussyBop,12,8,13,12,10,14,15,Noble,Dragonborn,Sorcerer,1,Draconic Bloodline,,,1,25.0
Snowlio's Character,12,0,0,0,0,0,0,,Halfling,Sorcerer,1,,,,1,0.0
Overron Quartz,10,11,10,13,15,12,12,Folk Hero,Half-Elf,Ranger,1,,,,1,0.0
Flamelogan Random,80,11,12,14,11,13,10,Criminal / Spy,Human,Fighter,11,Champion,,,11,0.0
Peren Tide,12,0,0,0,0,0,0,,Genasi,Druid,1,,,,1,0.0
Jarnaar,12,15,13,14,10,12,8,Folk Hero,Dragonborn,Barbarian,1,,,,1,0.0
Rhociar,8,13,8,14,10,15,12,Acolyte,Dragonborn,Cleric,1,Life Domain,,,1,0.0
Amon,8,10,14,12,13,8,15,Entertainer,Half-Orc,Bard,1,,,,1,0.0
Khamsin al-Huzuzi bin Nasim,12,12,15,13,10,14,8,Acolyte,Genasi,Monk,3,Way of the Open Hand,,,3,0.0
Hex,8,8,13,14,12,10,15,Sage,Half-Elf,Warlock,4,The Fiend,,,4,0.0
Lenna Amakiir,12,6,16,16,12,16,16,Sage,Elf,Warlock,8,,,,8,0.0
Maltrochio,8,12,13,12,13,12,13,,Human,Bard,1,,,,1,0.0
Kelivar,103,10,15,13,10,15,8,Hermit,Human,Monk,20,Way of the Kensei,,,20,24843.0
defenske's Character,12,12,15,8,10,14,0,Acolyte,Human,Monk,1,,,,1,0.0
Haqorel,12,15,12,13,10,14,8,,Genasi,Monk,15,,Barbarian,,20,0.0
Kaladin Blade,12,0,0,0,0,0,0,,Human,Warlock,1,The Fiend,,,1,0.0
Ilivek,12,19,15,14,11,12,13,Acolyte,Goliath,Fighter,1,,,,1,0.0
"Captian Michael ""Rune"" Greycove",30,8,13,13,15,12,12,Sailor,Human,Wizard,8,School of Evocation,,,8,40877.0
stygaingrey's Character,12,8,15,8,13,12,15,,Tiefling,Warlock,1,The Fiend,,,1,0.0
Xarvull,12,15,15,15,8,8,8,Noble,Genasi,Barbarian,1,,,,1,0.0
Saairi,53,13,13,16,16,17,15,,Dragonborn,Druid,11,Circle of the Moon,,,11,0.0
Searil Zkwizgaaril,34,8,15,14,10,10,14,Courtier,Half-Elf,Sorcerer,8,Draconic Bloodline,,,8,454.88
Jasp,43,12,14,10,11,12,14,Charlatan,Elf,Rogue,20,Thief,,,20,34832.0
Vassal of The Owl,12,10,15,10,10,15,8,,Human,Fighter,1,,,,1,0.0
Solis,12,0,0,0,0,0,0,,Tiefling,Paladin,1,,,,1,0.0
Skiips,12,15,13,14,10,12,8,Folk Hero,Goliath,Barbarian,1,,,,1,0.0
Kin,12,10,17,17,15,8,14,Criminal / Spy,Half-Elf,Rogue,1,,,,1,0.0
Polina Kartoshka,68,14,10,14,8,15,10,Noble,Human,Cleric,13,Death Domain,,,13,10350.5
Silas Fleetfoot,78,13,18,14,13,18,12,Outlander,Halfling,Monk,15,Way of Shadow,,,15,0.0
Prigrax,20,7,18,9,9,16,12,Folk Hero,Dragonborn,Ranger,3,Hunter,,,3,0.0
Eric42's Character,12,15,8,8,8,8,8,,Human,Paladin,1,,,,1,0.0
Dharmong,12,10,16,14,17,12,10,Sage,Tiefling,Wizard,6,School of Evocation,,,6,0.0
Sewan,24,14,10,14,14,12,11,Criminal / Spy,Dwarf,Barbarian,3,Path of the Berserker,,,3,0.0
Greenleaf's Character,12,15,16,16,12,18,11,Acolyte,Dwarf,Druid,1,,,,1,0.0
Baden McBhurg,12,0,0,0,0,0,0,,Human,Bard,5,College of Lore,,,5,0.0
Derzan,8,0,0,0,0,0,0,,Genasi,Warlock,1,,,,1,0.0
Test,12,15,13,14,12,10,8,Soldier,Human,Fighter,5,Champion,,,5,0.0
Dresden Zacariden,12,8,12,10,14,15,16,Acolyte,Half-Elf,Monk,1,,,,1,0.0
Aaron Frost,13,8,10,14,12,15,13,Noble,Elf,Cleric,2,Life Domain,,,2,50.0
Kaidrien's Character,12,0,0,0,0,0,0,,Human,Warlock,1,,,,1,0.0
Arnagorn Findlehorn,12,15,10,14,8,12,13,Soldier,Half-Elf,Paladin,2,,,,2,10.0
Glahp,43,14,13,15,8,12,10,Soldier,Half-Orc,Fighter,1,,,,1,0.0
Guy Vexille,12,0,0,0,0,0,0,,Human,Rogue,6,Thief,Fighter,,7,0.0
Kidshakinground's Character,12,0,0,0,0,0,0,,Human,Warlock,1,,,,1,0.0
Griggs,12,12,16,14,17,8,12,Criminal / Spy,Human,Wizard,1,,,,1,0.0
Reddarich Lanoue,8,8,15,11,12,10,15,Noble,Half-Elf,Bard,1,,,,1,0.0
TrevorDusablon's Character,12,8,14,12,13,12,14,Sage,Tiefling,Warlock,1,The Fiend,,,1,0.0
Zoril Vamenos,12,0,0,0,0,0,0,,Tiefling,Ranger,1,,,,1,0.0
Zyn,12,10,15,12,12,14,9,,Genasi,Monk,1,,,,1,0.0
Thess's Character,12,0,0,0,0,0,0,,Human,Paladin,1,,,,1,0.0
Mazjerai's Character,12,0,0,0,0,0,0,,Genasi,Sorcerer,1,,,,1,0.0
Barwrin Asterith,12,16,8,16,18,10,8,Sage,Dwarf,Wizard,20,,,,20,0.0
honorablediscord's Character,12,16,10,16,10,17,14,Acolyte,Dwarf,Cleric,1,Life Domain,,,1,0.0
Keyan,22,15,12,14,8,13,10,Waterdhavian Noble,Human,Fighter,3,Rune Knight,,,3,45.0
Zaltex's Character,12,16,18,16,10,11,12,Soldier,Halfling,Barbarian,1,,,,1,0.0
Bartok IronClap,12,10,8,14,12,15,13,Soldier,Genasi,Cleric,7,Life Domain,,,7,0.0
Artemis,164,10,16,15,12,18,11,Outlander,Dragonborn,Druid,20,Circle of the Moon,,,20,330356.34
Juste's Character,12,15,12,14,8,10,13,,Goliath,Paladin,3,Oath of Devotion,,,3,0.0
Belros Aeron,21,15,16,13,15,14,11,Criminal / Spy,Elf,Rogue,3,,,,3,0.0
Akarin Avolkaas ,40,17,10,14,9,12,14,Acolyte,Dragonborn,Paladin,6,Oath of Devotion,,,6,80.0
Thymar,12,15,14,9,6,10,14,Noble,Human,Bard,1,,,,1,0.0
Nimbus,10,13,13,13,12,12,17,,Dragonborn,Sorcerer,2,Draconic Bloodline,,,2,95.0
Stealthkyo,12,12,12,12,12,14,12,,Aarakocra,Druid,1,,,,1,0.0
madyona414's Character,12,14,10,14,11,12,12,Folk Hero,Dwarf,Barbarian,1,,,,1,0.0
Ereviss,10,10,14,14,12,13,10,Urban Bounty Hunter,Elf,Ranger,1,,,,1,20.0
Nineball's Character,12,14,8,13,10,12,15,,Dragonborn,Paladin,1,,,,1,0.0
Igveous Norixus,12,14,11,14,16,10,12,Sage,Dragonborn,Wizard,2,School of Evocation,,,2,0.0
malkds's Character,12,0,0,0,0,0,0,,Tiefling,Warlock,6,,,,6,0.0
Ira Locke,12,0,0,0,0,0,0,,Half-Elf,Bard,1,,,,1,0.0
Felmin,12,11,12,12,10,13,15,Sage,Half-Elf,Warlock,1,The Fiend,,,1,0.0
Sutha,12,13,15,12,13,14,19,Noble,Half-Orc,Rogue,5,,,,5,135.0
Sorarsh,12,14,12,15,10,13,8,Folk Hero,Goliath,Barbarian,5,Path of the Berserker,,,5,10.0
Soranna Eternal,12,0,0,0,0,0,0,,Human,Wizard,1,,,,1,0.0
Naddar Myastan,12,18,16,12,10,14,13,,Dragonborn,Fighter,5,,,,5,2560.0
ShinyFlareons's Character,12,14,16,16,12,14,10,Soldier,Half-Orc,Barbarian,1,,,,1,0.0
Metalpnx,12,8,15,14,12,10,13,,Halfling,Fighter,1,,,,1,0.0
Xavian,12,10,13,8,14,12,15,Acolyte,Half-Elf,Warlock,2,The Fiend,,,2,0.0
Odin's Character,12,12,14,13,15,10,8,Sage,Dwarf,Druid,1,,,,1,0.0
The Rickster,12,8,12,13,15,12,12,Soldier,Human,Wizard,1,,,,1,32.3
samothleb's Character,12,8,13,14,15,12,10,Sage,Human,Wizard,1,,,,1,0.0
Kaidrien's Character,12,16,9,15,8,10,16,Noble,Human,Warlock,1,The Fiend,,,1,0.0
Grub Hubbard,12,0,0,0,0,0,0,,Half-Orc,Barbarian,3,Path of the Berserker,Cleric,Life Domain,6,0.0
bevedog's Character,12,0,0,0,0,0,0,,Tiefling,Warlock,1,The Fiend,,,1,0.0
Ebrey,40,13,14,10,11,11,15,Acolyte,Elf,Warlock,5,The Fiend,,,5,0.0
Sumoril,12,8,12,10,13,14,15,Noble,Dragonborn,Sorcerer,10,Draconic Bloodline,,,10,0.0
Ekemon Reis,12,0,0,0,0,0,0,,Tiefling,Bard,7,College of Lore,,,7,0.0
Calissa Lifewhisper,82,8,15,13,15,12,8,Sage,Human,Wizard,17,School of Evocation,Fighter,,19,58947.0
Gad,12,14,10,12,15,13,8,Acolyte,Dwarf,Druid,2,Circle of the Land (Forest),,,2,0.0
Arclite Evenstar,12,16,9,16,9,14,18,Knight,Half-Elf,Paladin,2,,,,2,47.1
Zamfir,28,8,14,15,10,8,15,Folk Hero,Human,Bard,5,College of Lore,,,5,0.0
Valybar,6,8,12,11,15,14,11,Sage,Elf,Wizard,3,School of Evocation,,,3,80.0
Malarth,10,15,13,14,10,12,8,Soldier,Half-Orc,Fighter,1,,,,1,0.0
Toren Blackforge,12,15,14,14,10,9,9,Soldier,Dwarf,Fighter,1,,,,1,75.0
Belden Hawkblade,10,15,14,13,10,12,8,Soldier,Human,Fighter,3,Champion,,,3,0.0
Nox Von Vestarius,12,8,14,14,8,12,15,Criminal / Spy,Tiefling,Sorcerer,4,Draconic Bloodline,,,4,0.0
Inigo Montoya,46,18,15,15,10,15,17,Soldier,Human,Paladin,8,Oath of Vengeance,,,8,2660.5
Domco's Character,12,13,15,12,10,14,8,Acolyte,Elf,Ranger,1,,,,1,0.0
Ronaarth,12,13,13,14,9,15,8,Folk Hero,Genasi,Druid,1,,,,1,10.0
Angus Lianon,55,18,13,13,8,9,10,Folk Hero,Goliath,Barbarian,5,Path of the Berserker,Rogue/Monk/Sorcerer,Thief/Way of the Open Hand/Draconic Bloodline,20,0.0
Krontekag the Magnificent,12,11,13,12,15,13,9,Sage,Human,Wizard,5,School of Evocation,,,5,0.0
Bear,12,17,14,13,8,9,13,Urchin,Dwarf,Barbarian,1,,,,1,0.0
Fingers,28,8,14,13,15,10,12,Noble,Elf,Rogue,5,,,,5,0.0
Zaleria,73,8,14,14,10,15,10,Sage,Elf,Cleric,14,Life Domain,,,14,0.0
Ravorinn,12,15,12,14,10,11,10,Soldier,Human,Fighter,1,,,,1,0.0
"Keothi ""Blindeye"" Ogolakanu",100,15,16,15,8,12,8,Outlander,Goliath,Barbarian,10,Path of the Totem Warrior,,,10,0.0
Ebrias,12,12,10,10,14,15,11,Sage,Dragonborn,Druid,1,,,,1,0.0
BananaNut's Character,12,12,17,16,14,12,18,,Tiefling,Warlock,1,The Fiend,,,1,0.0
Ragmus,12,15,15,15,15,15,15,Sage,Human,Fighter,1,,,,1,0.0
Fawcettp's Character,12,10,14,13,8,12,15,Noble,Half-Elf,Warlock,6,The Fiend,,,6,0.0
Grayballs Deepboi,52,10,14,15,16,13,12,Sage,Gnome,Wizard,10,School of Divination,,,10,1765.1
Jimthechook's Character,12,0,0,0,0,0,0,,Human,Fighter,1,,,,1,0.0
Diana Zophiel Gabriella Althea,12,10,13,12,14,8,15,Sage,Half-Elf,Warlock,5,,,,5,0.0
Jeroneth,73,8,14,14,12,10,14,Criminal / Spy,Tiefling,Warlock,14,The Fiend,,,14,16642.0
Moraxes's Character,12,15,14,12,8,13,10,,Dwarf,Ranger,1,,,,1,0.0
Flick,12,14,17,16,15,17,14,Soldier,Elf,Ranger,5,Hunter,,,5,0.0
Karaj,12,17,16,15,11,13,10,Folk Hero,Aarakocra,Barbarian,1,,,,1,0.0
Lorcan Eldath,12,20,20,20,20,20,20,Acolyte,Elf,Paladin,1,,,,1,0.0
Gimme Bones,12,20,15,26,16,15,15,,Goliath,Barbarian,1,,,,1,3000.0
Gimble Garrick,6,10,14,11,15,4,10,Criminal / Spy,Gnome,Wizard,1,,,,1,0.0
Bastien LaMontagne,12,13,8,12,14,10,15,Noble,Half-Elf,Warlock,1,The Fiend,,,1,0.0
"Donnegar ""Don-Don"" Donnelsen",28,14,8,14,10,12,14,Soldier,Dwarf,Paladin,4,Oath of Devotion,,,4,10.0
Tykas,28,10,14,12,10,12,15,Far Traveler,Genasi,Warlock,5,The Great Old One,,,5,0.0
ALLMAN,57,13,13,11,12,13,13,Criminal / Spy,Human,Barbarian,1,,Rogue/Cleric/Sorcerer/Wizard/Warlock/Bard/Druid/Fighter/Paladin,Knowledge Domain/Storm Sorcery/The Hexblade,10,0.0
Hostilius Colt,12,0,0,0,0,0,0,,Human,Cleric,7,Life Domain,,,7,0.0
Jale Fredore,12,10,15,11,14,12,10,Criminal / Spy,Tiefling,Rogue,1,,,,1,0.0
Dorn Gnollwood,12,12,13,13,13,11,13,Acolyte,Human,Paladin,3,Oath of Devotion,,,3,0.0
Karmar,12,0,0,0,0,0,0,,Elf,Barbarian,6,,,,6,0.0
Ceiteach Mac GiollaBridhe,12,14,15,13,10,12,8,Acolyte,Human,Monk,1,,,,1,0.0
AlecSteelToo's Character,12,10,19,15,14,12,13,,Elf,Rogue,1,,,,1,0.0
Hylan Brach,34,14,11,16,8,10,14,Criminal / Spy,Dwarf,Sorcerer,8,Divine Soul,,,8,0.0
Venfina,12,8,13,14,12,10,15,Criminal / Spy,Halfling,Warlock,2,The Fiend,,,2,0.0
Rintin,12,17,11,16,11,14,13,Noble,Dragonborn,Paladin,5,Oath of Devotion,,,5,0.0
Brinise,12,15,10,14,8,12,13,Acolyte,Dwarf,Paladin,8,Oath of Devotion,,,8,0.0
Gilby Turen,12,13,19,15,17,13,9,Criminal / Spy,Gnome,Rogue,1,,,,1,968.2
Aluwalyn,12,15,14,13,8,12,10,Soldier,Goliath,Fighter,12,Champion,,,12,0.0
Fonkin,12,8,15,11,15,12,10,Sage,Gnome,Wizard,6,School of Evocation,,,6,0.0
Aria,13,12,15,14,12,14,13,Sage,Shifter (UA),Druid,2,Circle of the Stars (archived),,,2,10.0
Berendir,12,13,14,16,17,11,14,Sage,Half-Elf,Wizard,1,,,,1,16.0
Ellan,12,13,8,14,10,15,12,Acolyte,Dwarf,Cleric,3,,,,3,0.0
Myrthas Creed,19,12,17,13,12,15,12,Criminal / Spy,Half-Elf,Ranger,2,,Rogue,,3,73.0
Pesyola,10,16,14,5,16,15,12,Noble,Human,Cleric,2,Life Domain,,,2,0.0
Qeldhall,8,8,13,14,10,15,12,Sage,Gnome,Druid,1,,,,1,0.0
Axel,12,15,11,15,8,10,12,Recon Sniper [HB],Human,Barbarian,1,,Fighter,,3,0.0
CaptainCastration's Character,12,14,8,12,12,13,14,Soldier,Human,Fighter,1,,,,1,0.0
Test Char #1,12,18,0,18,18,18,18,,Dragonborn,Barbarian,1,,Fighter,,20,0.0
Azura,12,0,0,0,0,0,0,,Elf,Bard,7,,,,7,0.0
Dolbek,12,12,11,15,9,18,11,Acolyte,Dwarf,Cleric,11,Life Domain,,,11,12496.14
Kyojin,42,15,14,13,10,12,8,Sage,Dragonborn,Monk,6,Way of the Open Hand,,,6,0.0
seldon's Character,12,8,8,8,8,15,8,,Dwarf,Cleric,1,Life Domain,,,1,0.0
Oakley Travers,12,14,16,10,13,13,17,Criminal / Spy,Human,Bard,12,College of Lore,,,12,0.0
Thaime Ioborn,80,18,14,15,10,14,17,Soldier,Dragonborn,Fighter,8,Champion,Barbarian,,10,0.0
Quent Hoodlow,12,15,10,15,10,11,10,Folk Hero,Half-Orc,Fighter,1,,,,1,0.0
Bran Dawnstrider,73,9,15,11,8,15,13,Acolyte,Human,Monk,9,Way of the Sun Soul,Cleric,Light Domain,14,6822.0
Galaron,12,10,15,8,13,12,14,Criminal / Spy,Halfling,Rogue,5,Thief,,,5,0.0
Coat,6,6,15,13,13,11,14,Acolyte,Human,Bard,1,,,,1,0.0
Falafel,12,13,16,13,13,15,10,,Elf,Monk,5,Way of the Open Hand,,,5,35.0
Shaka Barugo,37,10,17,14,11,13,18,,Halfling,Bard,12,College of Lore,,,12,3052.9
Geoff,12,12,15,13,8,14,10,,Human,Ranger,1,,,,1,0.0
Darkjonin's Character,12,15,14,13,10,12,8,Soldier,Human,Fighter,3,,,,3,0.0
Silver Beard,52,13,15,14,10,8,12,Mercenary Veteran,Half-Orc,Fighter,8,Battle Master,Barbarian,,9,10.0
Tiffany,12,14,15,13,12,10,8,Folk Hero,Elf,Ranger,1,,,,1,0.0
Acanthus Aemaeth Vallmaunt,12,8,13,14,12,10,15,,Half-Elf,Warlock,1,The Fiend,,,1,0.0
Umpa's Character,12,18,10,10,16,16,16,Folk Hero,Human,Druid,3,,,,3,0.0
Jolie Youngblight,10,15,14,13,12,10,8,Folk Hero,Human,Fighter,1,,,,1,10.0
AzerDime,12,8,10,14,13,12,15,Sage,Tiefling,Sorcerer,1,Draconic Bloodline,,,1,0.0
Odysseus's Character,12,0,0,0,0,0,0,,Halfling,Paladin,2,,Warlock,,5,0.0
Ungrun Rockseeker,63,14,12,13,10,15,8,Soldier,Dwarf,Cleric,12,Life Domain,,,12,0.0
DisgracedSphere's Character,12,0,0,0,0,0,0,,Human,Rogue,1,,,,1,0.0
Pyre,28,13,8,9,7,10,10,Folk Hero,Genasi,Monk,5,,,,5,0.0
bolo ,12,10,14,12,13,8,15,Folk Hero,Half-Elf,Bard,1,,,,1,0.0
Kerash,6,12,15,13,10,14,8,Acolyte,Half-Orc,Monk,1,,,,1,0.0
Jocelyn Fletcher,12,12,18,15,14,12,17,,Human,Rogue,1,,,,1,0.0
Kreena,12,10,15,14,8,8,15,Soldier,Human,Paladin,5,,Rogue,,10,0.0
Caliban,12,15,14,13,12,8,10,Noble,Human,Fighter,6,Champion,,,6,0.0
Rex,12,0,0,0,0,0,0,,Human,Monk,1,,,,1,0.0
Malle,12,8,14,10,13,15,12,Sage,Half-Elf,Druid,3,,,,3,0.0
CawCaw's Character,12,0,0,0,0,0,0,,Human,Ranger,1,,,,1,0.0
Balon Coppershield,12,14,14,14,11,7,14,Criminal / Spy,Dragonborn,Barbarian,4,Path of the Berserker,,,4,0.0
Hennessey,10,13,6,11,12,6,7,Folk Hero,Aarakocra,Ranger,1,,,,1,0.0
Test Rouge Dude,12,0,0,0,0,0,0,,Halfling,Rogue,1,,,,1,0.0
Ukrek,12,14,12,15,9,12,10,Soldier,Half-Orc,Barbarian,1,,,,1,0.0
Therliann,12,12,10,14,8,15,13,Acolyte,Dragonborn,Cleric,1,Life Domain,,,1,0.0
whiver,12,8,15,12,14,14,8,Noble,Genasi,Monk,1,,,,1,0.0
Banthar Kelly,12,0,0,0,0,0,0,,Human,Warlock,1,,,,1,0.0
Logico,12,14,15,13,12,10,8,,Elf,Ranger,4,Hunter,,,4,0.0
Ivar Sabertooth,12,10,15,13,14,8,12,Noble,Half-Orc,Rogue,1,,,,1,155.0
Alywalyn,24,8,8,8,8,8,8,Sage,Gnome,Druid,5,Circle of the Land (Underdark),,,5,0.0
Vaxo Romanov,12,16,12,15,12,15,16,Soldier,Half-Elf,Paladin,1,,,,1,0.0
Dan712's Character,12,10,15,10,10,10,15,,Halfling,Bard,4,College of Lore,,,4,0.0
Leolamin,12,8,10,12,14,13,15,,Dragonborn,Warlock,1,,,,1,0.0
Ostooth,12,15,13,14,12,8,10,Criminal / Spy,Half-Orc,Fighter,1,,,,1,0.0
Damash ,12,12,15,14,8,10,13,,Dragonborn,Rogue,1,,,,1,0.0
Ryjinn,18,10,15,12,8,14,13,Acolyte,Dragonborn,Monk,3,Way of the Open Hand,,,3,18.0
Pananer,12,14,8,13,12,15,10,Sage,Half-Orc,Cleric,1,Life Domain,,,1,0.0
Jay,50,11,12,12,12,12,10,Folk Hero,Genasi,Cleric,7,Life Domain,,,7,0.0
Haakon Jarrick,12,0,0,0,0,0,0,,Goliath,Fighter,2,,,,2,0.0
Smirk,12,0,0,0,0,0,0,,Halfling,Ranger,3,,,,3,0.0
Timison Briarholdt,32,10,16,12,12,14,16,,Halfling,Rogue,4,,,,4,216.09
Shcnitzel (Ignacia Pubulous),12,11,12,12,11,11,16,Acolyte,Half-Orc,Warlock,6,,,,6,0.0
Vesial,12,16,12,17,12,11,15,Soldier,Dragonborn,Paladin,1,,,,1,0.0
Caelthara Galalinde,12,12,15,14,10,13,8,Criminal / Spy,Elf,Ranger,1,,,,1,0.0
Chris David,103,12,8,10,6,3,14,Noble,Aarakocra,Bard,20,College of Lore,,,20,0.0
ChongoBongo's Character,12,15,8,14,10,13,12,,Goliath,Barbarian,1,,,,1,0.0
lirit Nightfall,22,8,14,13,15,12,10,Sage,Elf,Wizard,5,Bladesinging,,,5,582.95
Arya,12,15,10,13,10,10,14,Soldier,Half-Elf,Paladin,1,,,,1,10.0
Tenebris Brightcrow,12,0,0,0,0,0,0,,Tiefling,Bard,5,College of Lore,,,5,0.0
Koran Dun,12,8,16,12,10,10,16,,Tiefling,Sorcerer,3,Draconic Bloodline,,,3,0.0
Moloch,12,8,15,14,10,10,14,Soldier,Tiefling,Warlock,2,The Fiend,,,2,0.0
Vyraexii's Character,12,18,18,14,14,12,13,Noble,Elf,Ranger,1,,,,1,0.0
Seldar Everlight,58,15,12,15,10,16,12,Acolyte,Human,Cleric,11,Light Domain,,,11,13181.67
Носиасса,12,15,8,13,12,8,15,,Dragonborn,Warlock,10,The Fiend,,,10,0.0
Lia Carric,107,13,15,12,10,14,8,Outlander,Elf,Ranger,20,Hunter,,,20,3908.0
Grada,6,12,11,9,11,15,9,Noble,Elf,Rogue,1,,,,1,0.0
Oriret,12,0,0,0,0,0,0,,Human,Warlock,1,The Fiend,,,1,0.0
Bheltharn,12,9,13,14,17,9,12,,Human,Wizard,3,,,,3,0.0
Bree Thorngage,33,13,15,12,8,14,10,Outlander,Halfling,Monk,6,Way of the Open Hand,,,6,5149.0
Recursive's Character,12,8,10,13,15,14,12,Sage,Tiefling,Wizard,6,School of Evocation,,,6,0.0
Hercules,12,17,15,16,10,10,10,Soldier,Human,Barbarian,5,Path of the Berserker,,,5,0.0
Therius Vrago,56,8,13,12,10,14,16,,Tiefling,Bard,9,College of Lore,,,9,0.0
Vyukris,12,15,17,12,11,14,10,Folk Hero,Genasi,Ranger,14,Hunter,,,14,0.0
Val'iek Shadow,12,10,13,8,15,12,14,Criminal / Spy,Human,Rogue,6,Thief,,,6,0.0
Ilondris Aldaveil,99,10,14,12,12,17,8,Noble,Elf,Ranger,6,Hunter,Cleric/Fighter/Rogue,War Domain/Arcane Archer,17,77.0
Vito Ito,124,15,10,13,10,10,14,Criminal / Spy,Half-Elf,Paladin,20,Oath of the Ancients,,,20,0.0
Keth Kursek,12,10,13,12,8,14,15,Acolyte,Half-Orc,Monk,1,,,,1,0.0
Tarron Le'Cryk,12,8,14,14,10,12,14,Acolyte,Half-Elf,Sorcerer,3,Draconic Bloodline,,,3,0.0
Tham Amakiir,34,8,14,13,15,12,10,Sage,Elf,Wizard,8,,,,8,0.0
Ducky Character,12,15,12,14,13,10,8,Soldier,Dragonborn,Fighter,1,,,,1,0.0
Dirth,12,8,14,14,12,15,8,,Elf,Cleric,1,,,,1,0.0
Bakaras,26,8,14,14,15,10,10,Criminal / Spy,Feral Tiefling,Wizard,6,School of Enchantment,,,6,332.88
Ascend,8,10,10,10,14,13,11,Acolyte,Genasi,Druid,1,,,,1,0.0
PaulAtredis's Character,12,15,13,14,12,10,8,Soldier,Human,Barbarian,1,,,,1,0.0
Carnil Sỳnfemir,12,8,15,14,15,10,8,Soldier,Elf,Wizard,13,School of Evocation,,,13,0.0
Kreeja,12,11,11,12,14,13,13,Sage,Aarakocra,Druid,1,,,,1,10.0
Garf Furypawn,42,16,14,17,6,6,12,Soldier,Goliath,Barbarian,6,,,,6,0.0
Alvyn Archlight Garrick,8,0,0,0,0,0,0,,Gnome,Cleric,3,,,,3,0.0
Boris's Character,12,15,13,10,14,12,8,,Human,Ranger,4,,,,4,0.0
Alchos Ohme,63,10,18,16,12,13,14,Urban Bounty Hunter,Genasi,Rogue,6,Swashbuckler,Fighter,Rune Knight (archived),11,0.0
Joshua Dacre,12,10,16,13,11,10,17,,Human,Bard,10,College of Lore,,,10,0.0
joff,6,11,10,12,14,10,10,Sage,Human,Rogue,1,,,,1,0.0
Shen Long,53,14,16,14,9,15,10,Acolyte,Dragonborn,Monk,10,Way of the Open Hand,,,10,45.55
Antony de Vries,12,18,13,15,11,15,17,,Human,Paladin,1,,,,1,0.0
Hawk,12,15,10,13,8,12,14,Soldier,Half-Elf,Paladin,1,,,,1,0.0
ThauN'Lightfire,12,15,12,14,8,10,13,Soldier,Dragonborn,Fighter,1,,,,1,0.0
Azuriel Boltsinger,12,15,8,12,10,13,14,Acolyte,Dragonborn,Paladin,2,,,,2,0.0
jekar,22,8,13,12,15,14,10,Outlander,Genasi,Wizard,5,School of Evocation,,,5,453.0
Raghk Kimbatuul,45,15,8,13,10,12,14,Noble,Dragonborn,Paladin,7,Oath of Devotion,,,7,211.0
Brother Brolin,12,15,8,13,10,12,14,Noble,Human,Paladin,1,,,,1,0.0
Pyros,31,14,9,14,13,11,16,Hermit,Tiefling,Sorcerer,9,Draconic Bloodline,,,9,1018.5
Eadric Of Carford,21,8,14,13,15,10,12,Noble,Human,Wizard,5,School of Evocation,,,5,25.0
Xyrdove,12,0,0,0,0,0,0,,Tiefling,Sorcerer,1,,,,1,0.0
Ocean,12,12,14,14,10,17,13,,Genasi,Druid,1,,,,1,0.0
Raz651's Character,12,15,12,14,8,13,10,Acolyte,Dragonborn,Fighter,1,,,,1,0.0
Do Oh ,6,8,13,14,12,10,15,Sage,Dragonborn,Sorcerer,1,Draconic Bloodline,,,1,0.0
Brillyn Sulkris,16,10,14,12,11,13,16,Acolyte,Aasimar,Warlock,3,The Celestial,,,3,15.0
Nogard Nrob,100,17,14,15,10,16,11,Sailor,Human,Fighter,16,Battle Master,,,16,0.0
Beowulf,12,0,0,0,0,0,0,,Human,Druid,1,,,,1,0.0
Fillimore Higgins,12,15,13,14,10,12,8,Folk Hero,Dragonborn,Barbarian,4,Path of the Berserker,,,4,0.0
Kia,12,19,14,14,14,14,14,Sage,Gnome,Paladin,5,Oath of Devotion,Warlock,The Fiend,6,0.0
Nethdoris,12,10,15,10,12,11,14,Criminal / Spy,Human,Rogue,1,,,,1,0.0
Rouk,12,0,0,0,0,0,0,,Aarakocra,Fighter,6,,Rogue,,9,0.0
T'nerrin Quickwit,12,8,15,14,12,14,8,Sage,Gnome,Fighter,8,,,,8,0.0
Hölg,22,11,14,14,16,12,10,Sage,Half-Orc,Wizard,5,School of Evocation,,,5,579.2
Isofyx,12,8,10,14,12,15,13,Sage,Half-Elf,Druid,1,,,,1,0.0
Keifer,12,12,15,13,14,14,14,,Half-Elf,Warlock,5,,,,5,0.0
Mattrick's Character,12,8,15,14,10,14,10,Sage,Genasi,Monk,5,Way of the Open Hand,,,5,0.0
verinelghinyrr,12,8,13,15,10,10,15,Criminal / Spy,Half-Elf,Sorcerer,1,Draconic Bloodline,,,1,0.0
Shabimaycry's Character,12,15,13,14,10,12,8,Folk Hero,Dragonborn,Fighter,8,Champion,,,8,0.0
Adxina,12,8,10,12,14,13,15,Folk Hero,Halfling,Warlock,1,The Fiend,,,1,0.0
Xilaerys,12,16,16,14,12,16,13,Acolyte,Human,Monk,1,,Fighter/Sorcerer/Ranger/Rogue/Warlock/Bard/Barbarian,Draconic Bloodline/The Fiend,8,0.0
cinnamontoastken's Character,76,19,13,17,14,14,17,Noble,Human,Paladin,12,,,,12,0.0
Ramarx's Character,12,0,0,0,0,0,0,,Goliath,Warlock,1,The Fiend,,,1,0.0
Perge Staebaek,12,15,14,15,8,10,8,Soldier,Human,Fighter,5,Champion,Barbarian,,6,0.0
Drexnas's Character,12,0,0,0,0,0,0,,Human,Fighter,1,,,,1,0.0
Mojo Bronzarc,12,8,14,12,13,12,14,Sage,Human,Bard,1,,,,1,0.0
NPC,12,11,18,14,15,16,18,Criminal / Spy,Human,Rogue,13,Thief,,,13,0.0
Aether,12,0,0,0,0,0,0,,Elf,Monk,1,,,,1,0.0
Derek Braunanvil,12,0,0,0,0,0,0,,Dwarf,Cleric,1,,,,1,0.0
Drazsz's Character,12,0,0,0,0,0,0,,Elf,Fighter,5,,,,5,0.0
Hrok,12,13,14,15,8,10,12,,Human,Fighter,5,Champion,,,5,0.0
Guigotim's,12,13,14,14,10,9,13,,Elf,Ranger,1,,,,1,0.0
Fook,6,8,13,14,12,10,15,Sage,Elf,Sorcerer,1,Draconic Bloodline,,,1,0.0
Beardgace,6,4,4,11,9,13,10,Acolyte,Genasi,Wizard,1,,,,1,0.0
Crafaelor,23,8,13,15,10,12,14,Sage,Half-Elf,Warlock,4,The Great Old One,,,4,3897.0
Kal Vonduriel,12,9,14,18,17,14,18,Sage,Tiefling,Sorcerer,1,Draconic Bloodline,,,1,0.0
Lucian Ravencastle,53,10,15,10,13,14,10,Criminal / Spy,Human,Rogue,12,Thief,,,12,21000.0
Hurr1came's Character,12,8,14,13,10,12,15,Acolyte,Halfling,Sorcerer,1,,,,1,0.0
Dax Fellborn,10,11,16,12,16,16,15,Criminal / Spy,Dragonborn,Wizard,2,School of Evocation,,,2,2.0
Luheengo,31,16,20,20,11,14,16,Sage,Genasi,Monk,5,Way of the Open Hand,,,5,0.0
Tazriz Darksnark,100,12,14,15,13,8,10,Inheritor,Kobold,Fighter,16,Eldritch Knight,,,16,7330.5
Flicker of the Shadows,67,9,17,11,14,12,17,Sage,Tabaxi,Monk,10,Way of the Kensei,,,10,14291.7
Vizaru's Character,12,15,10,13,8,12,14,Noble,Human,Fighter,1,,,,1,0.0
Murmur,12,15,13,14,8,12,10,Soldier,Genasi,Fighter,3,Champion,,,3,0.0
Carver,12,9,20,15,14,11,8,Criminal / Spy,Halfling,Rogue,1,,,,1,120.0
Apple Frittwitch,12,8,14,10,12,13,15,Sage,Human,Warlock,1,The Fiend,,,1,0.0
Ivellios Kontos ,29,15,16,15,14,14,16,,Elf,Paladin,3,Oath of Devotion,,,3,0.0
Vicross Swiftsworn,55,12,14,13,10,10,14,Entertainer,Half-Elf,Bard,8,College of Lore,Paladin,,10,0.0
Orugul,12,15,15,15,8,8,8,Folk Hero,Half-Orc,Barbarian,4,Path of the Berserker,,,4,0.0
Akenara,42,13,10,14,8,15,12,Acolyte,Dwarf,Cleric,7,Light Domain,Fighter,Eldritch Knight,10,301.12
Dha'Vic M'Taal,12,15,18,15,14,18,15,Criminal / Spy,Elf,Rogue,1,,,,1,0.0
Noros,12,14,12,15,12,11,8,Folk Hero,Half-Orc,Barbarian,5,Path of the Berserker,,,5,0.0
dardenbattleaxe's Character,12,0,0,0,0,0,0,,Dwarf,Barbarian,12,,,,12,0.0
Thorin Frostbeard,30,13,10,15,12,14,8,Acolyte,Dwarf,Cleric,6,Life Domain,,,6,0.0
Linne Steele,58,17,14,17,17,12,10,Criminal / Spy,Human,Fighter,5,Eldritch Knight,Wizard,School of Abjuration,11,0.0
Krae,8,12,10,14,8,15,13,Outlander,Human,Druid,1,,,,1,0.0
Drizzt Daermon N'A'Shezbaernon,37,10,12,13,15,6,14,Acolyte,Human,Ranger,10,Hunter,,,10,0.0
xryanrussellx's Character,12,10,12,11,13,15,13,Sage,Elf,Druid,1,,,,1,0.0
Darkain,33,13,17,12,14,7,12,Criminal / Spy,Dwarf,Rogue,6,Thief,,,6,0.0
Sir Papi Will de la Catacumba,12,0,0,0,0,0,0,,Elf,Ranger,4,,,,4,0.0
Tyrone Kara Ejderha,54,15,14,13,10,12,8,Soldier,Goliath,Barbarian,7,Path of the Berserker,,,7,1230.76
Magnus Vaebner,12,15,13,13,8,15,10,Acolyte,Halfling,Cleric,1,Life Domain,,,1,0.0
Yuzuki Seo,22,13,15,13,11,8,13,,Tiefling,Bard,4,College of Lore,,,4,0.0
Gelza ,12,10,12,15,13,17,19,Acolyte,Tiefling,Warlock,1,The Fiend,,,1,0.0
Leto,12,15,12,14,8,13,10,,Human,Sorcerer,1,Draconic Bloodline,,,1,0.0
awkweird's Character,12,15,10,14,13,12,8,Soldier,Dwarf,Fighter,1,,,,1,0.0
La'ven Bocote,16,10,16,12,12,13,12,Far Traveler,Elf,Ranger,2,,,,2,0.0
dikeme's Character,12,0,0,0,0,0,0,,Dragonborn,Fighter,5,,Ranger,,8,0.0
Orcutsk,12,15,8,12,12,12,11,Soldier,Half-Orc,Fighter,1,,,,1,0.0
"Leanann ""Redemption"" Chaldreen",12,18,13,16,14,16,17,Soldier,Tiefling,Paladin,1,,,,1,150.0
Manus Haffee,12,15,13,15,8,8,12,Folk Hero,Dwarf,Barbarian,2,,,,2,0.0
Garin Irongut,12,18,15,18,11,12,12,,Dwarf,Barbarian,1,,,,1,0.0
Ilifir,12,15,12,13,10,8,14,Sage,Half-Elf,Warlock,3,The Fiend,,,3,0.0
Mors Arkalis,76,8,15,12,9,11,14,Charlatan,Tiefling,Rogue,11,Swashbuckler,Fighter,Champion,14,51.61
Graxus,12,15,12,13,11,12,10,Folk Hero,Dragonborn,Barbarian,1,,,,1,0.0
Heiner,10,15,13,14,10,12,8,Soldier,Dwarf,Fighter,1,,,,1,0.0
czarbss's Character,82,8,8,8,8,8,8,,Aarakocra,Wizard,20,,,,20,0.0
Alana,12,8,8,8,8,8,8,Soldier,Elf,Rogue,1,,,,1,0.0
Test001,12,8,15,13,10,14,12,,Elf,Monk,1,,,,1,0.0
Walfbar,40,6,13,12,14,12,14,Sage,Half-Elf,Sorcerer,7,Draconic Bloodline,,,7,0.0
Austral,12,8,13,12,15,10,14,Sage,Genasi,Wizard,1,,,,1,0.0
Gilgamet,12,12,16,18,18,17,17,Criminal / Spy,Gnome,Druid,1,,,,1,0.0
Zradhall,46,12,14,15,10,8,17,Noble,Dragonborn,Sorcerer,8,Draconic Bloodline,Paladin,,10,0.0
Verarhen Norodel,28,0,0,0,0,0,0,,Elf,Druid,5,Circle of the Land (Swamp),,,5,0.0
Percival,12,8,10,12,14,13,15,Acolyte,Tiefling,Warlock,1,The Fiend,,,1,0.0
Tuls Leah,12,0,0,0,0,0,0,,Tiefling,Cleric,3,,,,3,0.0
Xaegan Deathwhisper,66,20,15,15,20,13,10,Soldier,Dragonborn,Fighter,8,Champion,,,8,1538.8
Moxen's Character,12,8,14,12,13,15,10,Sage,Aarakocra,Monk,1,,,,1,0.0
Tiberius Selmy,113,15,10,13,8,12,14,,Half-Elf,Paladin,15,Oath of Vengeance,,,15,0.5
Rhaegar,54,8,14,12,14,10,14,Noble,Draconic Races (Archived),Wizard,15,School of Evocation,,,15,440.7
Coen Crowell,12,8,10,14,13,12,15,,Human,Sorcerer,3,,Warlock,,5,0.0
Doseth,12,13,10,14,12,8,15,Noble,Tiefling,Warlock,1,The Fiend,,,1,0.0
Daerris Elanorin,12,13,15,13,11,13,8,Folk Hero,Elf,Ranger,1,,,,1,0.0
Gwan,12,8,12,13,14,10,15,Criminal / Spy,Halfling,Bard,1,,,,1,15.0
Arisen,12,10,15,13,10,10,14,Soldier,Half-Elf,Warlock,5,The Fiend,,,5,0.0
Neer Otarel,12,13,15,12,10,13,10,Soldier,Human,Fighter,5,,Rogue,,7,0.0
Mike Smith,12,12,14,11,12,8,15,Criminal / Spy,Dwarf,Bard,1,,,,1,15.0
Lightbringer Veyara Eloh,70,15,10,15,10,8,13,Soldier,Aasimar,Paladin,11,Oath of the Ancients,,,11,1016.0
Grerona,57,14,11,14,10,13,15,Sage,Dwarf,Druid,8,Circle of the Land (Desert),,,8,0.0
Sabek,12,0,0,0,0,0,0,Soldier,Dragonborn,Barbarian,14,Path of the Berserker,,,14,4802.0
Razukan's Character,12,0,0,0,0,0,0,,Human,Wizard,1,,,,1,0.0
Ka'tarn,10,12,15,15,12,15,8,Acolyte,Elf,Cleric,1,Life Domain,,,1,14.0
GreekFrost83's Character,12,0,0,0,0,0,0,,Halfling,Wizard,1,,,,1,0.0
Stern Silverfield,82,8,14,13,10,12,15,,Elf,Wizard,20,,,,20,0.0
Keyan,12,13,8,15,12,14,10,Noble,Human,Paladin,1,,,,1,0.0
Astragoth's Character,12,15,8,13,14,12,10,Noble,Gnome,Fighter,1,,,,1,0.0
Dungus Bunmuffins,12,15,13,14,12,10,8,Outlander,Dwarf,Barbarian,6,Path of the Totem Warrior,,,6,368.53
Gaerphanis,6,8,13,14,15,10,12,Sage,Elf,Wizard,1,,,,1,0.0
Erdan,12,10,8,14,12,13,15,,Elf,Sorcerer,5,,,,5,0.0
Gerrick,12,13,6,13,13,12,17,Acolyte,Tiefling,Paladin,1,,,,1,0.0
Zuniz,94,11,14,11,14,17,11,Folk Hero,Elf,Ranger,10,Hunter,Barbarian,Path of the Berserker,15,0.0
Bilben,12,14,8,15,10,13,12,Soldier,Human,Fighter,5,Champion,,,5,0.0
t1,12,15,10,14,10,10,13,Folk Hero,Goliath,Barbarian,1,,,,1,0.0
s,8,10,14,12,13,8,15,Entertainer,Genasi,Bard,1,,,,1,0.0
Aratar,12,10,11,10,14,12,15,,Human,Bard,1,,,,1,0.0
Erky Oneshoe,12,10,18,16,15,11,18,Soldier,Gnome,Sorcerer,5,Draconic Bloodline,,,5,13.May
Gajoda,48,14,8,13,10,15,12,Sage,Human,Cleric,9,Life Domain,,,9,0.0
Barin,49,13,10,14,14,14,18,Sage,Aasimar,Warlock,8,The Great Old One,,,8,10.0
Ranohk,65,8,13,14,10,15,12,Faction Agent,Human,Druid,12,Circle of the Shepherd,,,12,0.0
jackdabeast7's Character,12,8,8,15,15,15,8,,Elf,Wizard,1,,,,1,0.0
Galedur,12,0,0,0,0,0,0,,Dragonborn,Paladin,5,Oath of Devotion,,,5,0.0
Mephistopheles,12,0,0,0,0,0,0,,Tiefling,Cleric,1,Life Domain,,,1,0.0
Garric,82,13,17,15,17,15,11,Sage,Human,Wizard,20,School of Necromancy,,,20,0.0
Uugu buunu,53,16,9,11,14,11,18,Noble,Half-Orc,Ranger,2,,Rogue/Wizard,Thief/School of Evocation,14,0.0
Andis Vinte,15,15,10,14,9,17,6,Soldier,Human,Cleric,2,Life Domain,,,2,0.0
Noah Argents,12,8,15,13,14,10,12,,Aarakocra,Rogue,1,,,,1,0.0
Samthelamb99's Character,35,12,17,13,11,13,10,Sage,Half-Elf,Monk,6,Way of the Open Hand,,,6,0.0
"Theodorin ""IronWolf"" Menthivshrrg (Son of Wolf)",53,14,12,15,14,15,12,Hermit,Dwarf,Druid,8,Circle of the Land (Forest),Cleric,Tempest Domain,10,66.0
Assen,12,15,0,14,0,0,0,,Dragonborn,Fighter,5,Champion,,,5,0.0
Talehot,12,10,12,12,13,11,15,Acolyte,Half-Elf,Warlock,3,,,,3,145.0
vinibiso's Character,12,16,12,10,6,8,12,Soldier,Half-Elf,Paladin,3,Oath of Devotion,,,3,0.0
Roterica,12,10,12,13,14,15,8,Sage,Dwarf,Druid,8,,,,8,0.0
Wizrobe,12,0,0,0,0,0,0,,Human,Wizard,1,,,,1,0.0
Cornelis Bloom,62,8,15,10,15,13,10,Sage,Gnome,Wizard,15,Order of Scribes (archived),,,15,0.0
Vamperious's Character,12,0,0,0,0,0,0,,Human,Wizard,15,,,,15,0.0
Rick,12,14,13,12,10,15,8,Soldier,Dwarf,Cleric,1,Life Domain,,,1,70.0
Flint,13,8,14,14,10,15,10,Criminal / Spy,Kenku,Druid,2,,,,2,15.0
LexTP's Character,12,0,0,0,0,0,0,,Human,Ranger,5,Hunter,,,5,0.0
Taran,12,8,15,14,13,10,12,Criminal / Spy,Halfling,Rogue,5,,Bard,College of Lore,8,0.0
Fernando,12,15,12,12,11,13,16,Sage,Half-Elf,Paladin,3,Oath of Devotion,,,3,67.0
Angelina,56,8,9,15,12,13,11,Acolyte,Human,Wizard,11,School of Evocation,,,11,0.0
Jak Ironmark,12,0,18,0,0,0,0,,Human,Rogue,1,,,,1,0.0
Arden Pavaliir,38,8,16,15,17,10,13,Entertainer,Elf,Rogue,7,Thief,,,7,129.99
Eldon Underfoot,12,10,15,13,8,14,12,Soldier,Halfling,Monk,7,Way of the Open Hand,,,7,0.0
Guill's Character,12,10,15,14,12,13,8,Criminal / Spy,Tiefling,Ranger,1,,,,1,0.0
Nox Evermillion,41,10,17,12,8,15,16,Criminal / Spy,Feral Tiefling,Monk,8,Way of the Four Elements,,,8,22.0
Sam Rivershield,21,12,14,13,12,14,8,,Human,Ranger,3,Hunter,,,3,230.51
Braennora,12,10,12,13,8,14,15,,Half-Elf,Bard,1,,,,1,0.0
Ignacio Valdez,8,15,13,14,8,12,10,Gladiator,Human,Cleric,1,Light Domain,,,1,15.0
Gandalf's Character,12,12,15,14,13,10,8,Noble,Elf,Wizard,1,,,,1,0.0
Aranil,12,16,14,12,10,10,9,,Elf,Ranger,3,,,,3,0.0