title,console,genre,publisher,developer,critic_score,total_sales,na_sales,jp_sales,pal_sales,other_sales,release_date,last_update
Grand Theft Auto V,PS3,Action,Rockstar Games,Rockstar North,9.Apr,20.32,Jun.37,0.99,Sep.85,3.Dec,17.9.2013,
Grand Theft Auto V,PS4,Action,Rockstar Games,Rockstar North,9.Jul,19.39,6.Jun,0.6,Sep.71,3.Feb,18.11.2014,3.1.2018
Grand Theft Auto: Vice City,PS2,Action,Rockstar Games,Rockstar North,9.Jun,16.15,Aug.41,0.47,May.49,Jan.78,28.10.2002,
Grand Theft Auto V,X360,Action,Rockstar Games,Rockstar North,,15.86,9.Jun,0.06,May.33,Jan.42,17.9.2013,
Call of Duty: Black Ops 3,PS4,Shooter,Activision,Treyarch,8.Jan,15.Sep,Jun.18,0.41,6.May,Feb.44,6.11.2015,14.1.2018
Call of Duty: Modern Warfare 3,X360,Shooter,Activision,Infinity Ward,8.Jul,14.82,9.Jul,0.13,Apr.29,Jan.33,8.11.2011,
Call of Duty: Black Ops,X360,Shooter,Activision,Treyarch,8.Aug,14.74,Sep.76,0.11,Mar.73,Jan.14,9.11.2010,
Red Dead Redemption 2,PS4,Action-Adventure,Rockstar Games,Rockstar Games,9.Aug,13.94,May.26,0.21,Jun.21,Feb.26,26.10.2018,2.11.2018
Call of Duty: Black Ops II,X360,Shooter,Activision,Treyarch,8.Apr,13.86,Aug.27,0.07,Apr.32,1.Feb,13.11.2012,7.4.2018
Call of Duty: Black Ops II,PS3,Shooter,Activision,Treyarch,8,13.Aug,Apr.99,0.65,May.88,Feb.28,13.11.2012,7.4.2018
Call of Duty: Modern Warfare 2,X360,Shooter,Activision,Infinity Ward,9.May,13.53,Aug.54,0.08,Mar.63,Jan.28,10.11.2009,
Call of Duty: WWII,PS4,Shooter,Activision,Sledgehammer Games,8.Jan,13.Apr,Apr.67,0.4,Jun.21,2.Dec,3.11.2017,31.12.2017
Call of Duty: Modern Warfare 3,PS3,Shooter,Activision,Infinity Ward,8.Aug,13.35,May.54,0.49,May.78,Jan.54,8.11.2011,
Grand Theft Auto III,PS2,Action,Rockstar Games,DMA Design,9.May,13.Jan,Jun.99,0.3,Apr.51,1.Mar,23.10.2001,
Call of Duty: Black Ops,PS3,Shooter,Activision,Treyarch,8.Jul,Dec.67,6.Jan,0.48,4.Apr,Jan.78,9.11.2010,
FIFA 18,PS4,Sports,EA Sports,EA Vancouver,8.Mar,11.Aug,Jan.27,0.15,Aug.64,Jan.73,29.9.2017,2.4.2018
Grand Theft Auto IV,X360,Action,Rockstar Games,Rockstar North,10,11.Sep,6.Aug,0.14,3.Nov,1.Apr,29.4.2008,
FIFA 17,PS4,Sports,Electronic Arts,EA Canada,8.Sep,Oct.94,Jan.26,0.12,Jul.95,Jan.61,27.9.2016,28.3.2018
Call of Duty: Modern Warfare 2,PS3,Shooter,Activision,Infinity Ward,9.May,Oct.61,Apr.99,0.38,Mar.66,Jan.59,10.11.2009,
Grand Theft Auto IV,PS3,Action,Rockstar Games,Rockstar North,10,Oct.57,Apr.79,0.44,Mar.73,Jan.62,29.4.2008,
Call of Duty: Ghosts,X360,Shooter,Activision,Infinity Ward,6.Sep,Oct.41,Jun.76,0.04,Feb.64,0.98,5.11.2013,21.3.2018
Call of Duty: Ghosts,PS3,Shooter,Activision,Infinity Ward,7.May,Oct.13,4.Nov,0.39,4.Jan,Jan.62,5.11.2013,21.3.2018
Halo: Reach,X360,Shooter,Microsoft Game Studios,Bungie,9.Mar,Sep.97,7.Aug,0.08,2.Jan,0.8,14.9.2010,11.10.2018
Halo 4,X360,Shooter,Microsoft Studios,343 Industries,,Sep.96,Jun.72,0.04,Feb.36,0.83,6.11.2012,
Call of Duty 4: Modern Warfare,X360,Shooter,Activision,Infinity Ward,9.Jun,Sep.41,May.98,0.13,Feb.39,0.91,5.11.2007,
Call of Duty: Black Ops IIII,PS4,Shooter,Activision,Treyarch,,Sep.32,4.May,0.5,Mar.28,Jan.49,12.10.2018,7.11.2018
FIFA 19,PS4,Sports,Electronic Arts,EA Sports,,Sep.15,0.84,0.1,Jun.87,Jan.34,28.9.2018,12.9.2018
The Elder Scrolls V: Skyrim,X360,Role-Playing,Bethesda Softworks,Bethesda Game Studios,9.Mar,Aug.88,5.Jan,0.1,Feb.83,0.85,11.11.2011,1.4.2018
Grand Theft Auto V,XOne,Action,Rockstar Games,Rockstar North,9,Aug.72,4.Jul,0.01,Mar.25,0.76,18.11.2014,11.4.2018
Call of Duty: Infinite Warfare,PS4,Shooter,Activision,Infinity Ward,7.Sep,Aug.48,3.Nov,0.19,Mar.83,Jan.36,4.11.2016,14.1.2018
Fallout 4,PS4,Role-Playing,Bethesda Softworks,Bethesda Game Studios,8.Jun,Aug.48,Feb.91,0.27,Mar.97,Jan.34,10.11.2015,24.3.2018
FIFA 16,PS4,Sports,EA Sports,EA Canada,8.May,Aug.22,Jan.15,0.07,May.77,Jan.23,22.9.2015,1.4.2018
Star Wars Battlefront (2015),PS4,Shooter,Electronic Arts,EA DICE,7.Jan,8.Mar,Mar.31,0.23,Mar.19,1.Mar,17.11.2015,24.3.2018
FIFA 13,PS3,Sports,EA Sports,EA Canada,,8.Jan,1.Jul,0.13,May.13,Jan.68,25.9.2012,6.4.2018
The Sims 3,PC,Simulation,Electronic Arts,EA Redwood Shores,8.May,Jul.96,1.Jan,,Jun.46,0.5,2.6.2009,
Grand Theft Auto: Liberty City Stories,PSP,Action,Rockstar Games,Rockstar Leeds,8.Aug,Jul.72,2.Sep,0.24,Feb.83,Jan.74,25.10.2005,
Call of Duty: Advanced Warfare,PS4,Shooter,Activision,Sledgehammer Games,8.May,Jul.53,Feb.84,0.14,Mar.34,Jan.22,4.11.2014,4.1.2018
Call of Duty: World at War,X360,Shooter,Activision,Treyarch,8.May,7.May,Apr.88,,Jan.91,0.71,10.11.2008,
Call of Duty: Black Ops 3,XOne,Shooter,Activision,Treyarch,,Jul.37,Apr.63,0.02,2.Apr,0.68,6.11.2015,14.1.2018
Battlefield 3,X360,Shooter,Electronic Arts,Dice,8.May,Jul.35,Apr.47,0.06,2.Dec,0.69,25.10.2011,
Battlefield 1,PS4,Shooter,Electronic Arts,EA DICE,9.Jan,Jul.26,2.Feb,0.29,Mar.65,1.Dec,21.10.2016,24.3.2018
Battlefield 3,PS3,Shooter,Electronic Arts,Dice,8.May,Jul.21,Feb.86,0.35,Feb.94,1.Jul,25.10.2011,
Need for Speed Underground,PS2,Racing,Electronic Arts,EA Black Box,8.Jun,7.Feb,Mar.27,0.08,Feb.83,1.Feb,17.11.2003,
Need for Speed Underground 2,PS2,Racing,Electronic Arts,EA Black Box,8.Mar,6.Sep,Feb.71,0.08,3.Feb,1.Sep,15.11.2004,
Just Dance 4,Wii,Music,Ubisoft,Ubisoft,,Jun.89,4.May,,Feb.21,0.62,9.10.2012,31.1.2018
Medal of Honor: Frontline,PS2,Shooter,Electronic Arts,EA Los Angeles,9,Jun.83,Feb.93,0.17,Feb.75,0.99,28.5.2002,
Uncharted 2: Among Thieves,PS3,Action,Sony Computer Entertainment,Naughty Dog,9.May,Jun.74,Mar.28,0.21,Feb.22,1.Feb,13.10.2009,
Call of Duty 4: Modern Warfare,PS3,Shooter,Activision,Infinity Ward,9.May,Jun.72,Mar.13,0.28,Feb.27,1.Apr,5.11.2007,
FIFA Soccer 12,PS3,Sports,EA Sports,EA Canada,9.Feb,Jun.65,0.84,0.11,Apr.33,Jan.37,27.9.2011,
FIFA 14,PS3,Sports,EA Sports,EA Canada,,Jun.61,0.79,0.07,Apr.77,0.98,24.9.2013,15.9.2018
Red Dead Redemption,PS3,Action,Rockstar Games,Rockstar San Diego,9.May,Jun.57,Feb.82,0.17,Feb.58,1,11.10.2011,
Red Dead Redemption,X360,Action,Rockstar Games,Rockstar San Diego,9.May,6.May,Mar.77,0.09,2.Mar,0.6,18.5.2010,
Assassin's Creed III,PS3,Action-Adventure,Ubisoft,Ubisoft Montreal,8.Aug,6.May,Feb.65,0.16,Feb.61,1.Aug,30.10.2012,12.4.2018
The Elder Scrolls V: Skyrim,PS3,Role-Playing,Bethesda Softworks,Bethesda Game Studios,9,Jun.49,Feb.57,0.25,Feb.68,0.99,11.11.2011,1.4.2018
Minecraft,PS4,Misc,Sony Computer Entertainment,Mojang,9.Apr,Jun.33,Jan.89,0.35,Mar.13,0.96,7.10.2014,14.9.2018
FIFA 15,PS4,Sports,EA Sports,EA Canada,8.Jan,Jun.32,0.83,0.05,Apr.49,0.94,23.9.2014,23.3.2018
Driver,PS,Action,GT Interactive,Reflections Interactive,8.May,Jun.27,3.Nov,0.02,2.Aug,0.33,30.6.1999,
Call of Duty: WWII,XOne,Shooter,Activision,Sledgehammer Games,,Jun.23,Mar.75,,Jan.91,0.57,3.11.2017,30.12.2017
Minecraft,PS3,Misc,Sony Computer Entertainment America,Mojang,,6.May,Feb.21,,Feb.86,0.99,16.5.2014,5.8.2018
Red Dead Redemption 2,XOne,Action-Adventure,Rockstar Games,Rockstar Games,,May.77,Mar.76,,Jan.47,0.54,26.10.2018,2.11.2018
Destiny,PS4,Shooter,Activision,Bungie,,May.76,Feb.53,0.16,Feb.13,0.94,9.9.2014,12.1.2018
Tekken 2,PS,Fighting,Namco,Namco,9.Jan,May.74,Feb.26,Jan.36,Jan.89,0.23,25.8.1996,
LEGO Star Wars: The Complete Saga,Wii,Action,LucasArts,Traveller's Tales,8,May.66,Mar.57,,Jan.57,0.52,6.11.2007,
Cooking Mama,DS,Simulation,Majesco,Office Create,6.Jun,May.66,3.Sep,0.07,Jan.92,0.58,12.9.2006,
Assassin's Creed II,PS3,Action,Ubisoft,Ubisoft Montreal,9,May.57,Feb.54,0.21,Jan.95,0.86,17.11.2009,3.1.2018
Assassin's Creed,X360,Action,Ubisoft,Ubisoft Montreal,8.Feb,May.55,Mar.28,0.07,Jan.64,0.56,13.11.2007,
Batman: Arkham City,PS3,Action,Warner Bros. Interactive,Rocksteady Studios,9.Jun,May.54,Feb.72,0.11,Jan.89,0.82,18.10.2011,
Forza Motorsport 3,X360,Racing,Microsoft Game Studios,Turn 10 Studios,9.Feb,5.May,Feb.99,0.1,1.Sep,0.51,27.10.2009,
Call of Duty: World at War,PS3,Shooter,Activision,Treyarch,8.Apr,May.43,Feb.75,,Jan.84,0.84,10.11.2008,
Minecraft,XOne,Misc,Microsoft Studios,Mojang,,May.43,Mar.23,,Jan.71,0.49,18.11.2014,14.9.2018
Crash Bandicoot: The Wrath of Cortex,PS2,Platform,Universal Interactive,Traveller's Tales,6.Sep,May.42,2.Jul,0.24,Feb.29,0.82,29.10.2001,
Final Fantasy XIII,PS3,Role-Playing,Square Enix,Square Enix,8,May.35,Jan.75,Jan.87,Jan.23,0.51,9.3.2010,
Assassin's Creed III,X360,Action-Adventure,Ubisoft,Ubisoft Montreal,,May.31,Mar.13,0.03,Jan.71,0.45,30.10.2012,7.2.2018
Assassin's Creed II,X360,Action,Ubisoft,Ubisoft Montreal,9.Jan,5.Mar,Mar.14,0.08,Jan.55,0.52,17.11.2009,
Tomb Raider II,PS,Adventure,Eidos Interactive,Core Design Ltd.,7.Jun,May.24,2.Mar,0.2,Feb.46,0.28,31.10.1997,
Madden NFL 2004,PS2,Sports,EA Sports,EA Tiburon,9.May,May.23,Apr.26,0.01,0.26,0.71,12.8.2003,
Call of Duty: Advanced Warfare,XOne,Shooter,Activision,Sledgehammer Games,8.Mar,May.22,Mar.25,0.01,Jan.49,0.48,4.11.2014,1.1.2018
Medal of Honor: Rising Sun,PS2,Shooter,Electronic Arts,EA Los Angeles,5.Sep,May.13,Jan.98,0.13,Feb.23,0.8,11.11.2003,
Battlefield 1,XOne,Shooter,Electronic Arts,EA DICE,9.Mar,May.13,Mar.37,0.02,Jan.26,0.48,21.10.2016,24.3.2018
Microsoft Flight Simulator,PC,Simulation,Microsoft,Microsoft,7,5.Dec,Mar.22,,Jan.69,0.2,31.10.1996,
Guitar Hero II,PS2,Misc,RedOctane,Harmonix Music Systems,9.Feb,5.Dec,Mar.81,,0.63,0.68,7.11.2006,
FIFA 13,X360,Sports,EA Sports,EA Canada,,5.Nov,1.Jan,0.03,Mar.49,0.5,25.9.2012,6.4.2018
Mario & Sonic at the Olympic Games,DS,Sports,Sega,Sega,7,5.Jan,Jan.63,0.44,Feb.46,0.57,22.1.2008,
Fable III,X360,Role-Playing,Microsoft Game Studios,Lionhead Studios,7.Aug,5.Jan,Mar.59,0.05,1.Sep,0.37,26.10.2010,
Resident Evil 5,PS3,Action,Capcom,Capcom,8.Jun,5.Jan,Jan.96,1.Aug,Jan.42,0.64,13.3.2009,
FIFA Soccer 11,PS3,Sports,EA Sports,EA Canada,8.Jul,5.Aug,0.61,0.06,Mar.28,1.Dec,28.9.2010,
Grand Theft Auto: Vice City Stories,PSP,Action,Rockstar Games,Rockstar Leeds,8.Apr,5.Aug,1.Jul,0.16,2.Mar,Jan.19,31.10.2006,
Final Fantasy XV,PS4,Role-Playing,Square Enix,Square Enix,8.Jan,5.Jul,Jan.81,1.May,Jan.53,0.68,29.11.2016,4.5.2018
Fallout 4,XOne,Role-Playing,Bethesda Softworks,Bethesda Game Studios,8.Apr,5.Mar,Feb.94,0.02,Jan.62,0.45,10.11.2015,24.3.2018
Tony Hawk's Pro Skater,PS,Sports,Activision,Neversoft Entertainment,9.Jun,5.Feb,Mar.42,0.02,Jan.38,0.2,31.8.1999,
Warzone 2100,PS,Strategy,Eidos Interactive,Pumpkin Studios,,5.Jan,Feb.79,,Jan.89,0.33,31.5.1999,
Guitar Hero III: Legends of Rock,PS2,Misc,RedOctane,BudCat Creations,8.Feb,Apr.98,Mar.49,0.01,0.01,Jan.48,28.10.2007,
Uncharted: Drake's Fortune,PS3,Action,Sony Computer Entertainment,Naughty Dog,8.Jul,Apr.97,Feb.32,0.12,Jan.73,0.8,16.11.2007,
Fallout 3,X360,Role-Playing,Bethesda Softworks,Bethesda Game Studios,9,Apr.96,Mar.41,0.09,0.99,0.46,28.10.2008,
Madden NFL 06,PS2,Sports,EA Sports,EA Tiburon,9.Jan,Apr.91,Mar.98,0.01,0.26,0.66,8.8.2005,
Call of Duty: Black Ops IIII,XOne,Shooter,Activision,Treyarch,,Apr.85,Mar.27,,1.Dec,0.46,12.10.2018,7.11.2018
Assassin's Creed,PS3,Action,Ubisoft,Ubisoft Montreal,8.Feb,Apr.83,Jan.91,0.09,2.Jan,0.82,13.11.2007,
Crash Bandicoot N. Sane Trilogy,PS4,Platform,Activision,Vicarious Visions,,Apr.83,1.Sep,0.07,Feb.92,0.74,30.6.2017,23.9.2018
Call of Duty: Infinite Warfare,XOne,Shooter,Activision,Infinity Ward,,Apr.79,Feb.91,,Jan.44,0.44,4.11.2016,24.3.2018
Crash Team Racing,PS,Racing,Sony Computer Entertainment,Naughty Dog,9.Feb,Apr.79,Feb.57,0.44,Jan.57,0.21,30.9.1999,
LEGO Star Wars: The Complete Saga,DS,Action,LucasArts,Traveller's Tales,7.Aug,Apr.77,Feb.83,,Jan.49,0.45,6.11.2007,
Batman: Arkham City,X360,Action,Warner Bros. Interactive,Rocksteady Studios,9.May,Apr.75,Feb.99,0.04,Jan.28,0.44,18.10.2011,
Driver 2,PS,Action,Atari,Reflections Interactive,7,Apr.73,Feb.36,0.02,2.Jan,0.25,13.11.2000,
The Simpsons: Hit & Run,PS2,Racing,VU Games,Radical Entertainment,7.Jul,4.Jul,Jan.73,,Feb.19,0.79,16.9.2003,
Tony Hawk's Pro Skater 2,PS,Sports,Activision,Neversoft Entertainment,9.Mar,Apr.68,3.May,0.02,Jan.41,0.2,20.9.2000,
The Lord of the Rings: The Two Towers,PS2,Action,Electronic Arts,Stormfront Studios,8.Mar,Apr.67,Jan.94,0.08,Jan.95,0.7,21.10.2002,
Tomb Raider,PS,Action,Eidos Interactive,Core Design Ltd.,8.Sep,Apr.63,Feb.29,0.13,Jan.97,0.24,14.11.1996,
Forza Motorsport 4,X360,Racing,Microsoft Studios,Turn 10 Studio,9.Jan,4.Jun,2.Aug,0.06,Jan.98,0.49,11.10.2011,
Guitar Hero III: Legends of Rock,Wii,Misc,RedOctane,Vicarious Visions,8.Jun,4.Jun,3.Apr,0,1.Dec,0.44,28.10.2007,
FIFA 15,PS3,Sports,EA Sports,EA Canada,6.Sep,Apr.56,0.59,0.04,Mar.25,0.68,23.9.2014,23.3.2018
Mario & Sonic at the Olympic Winter Games,Wii,Sports,Sega,Sega,6.Aug,Apr.54,Jan.87,0.22,Jan.97,0.48,13.10.2009,
Overwatch,PS4,Shooter,Blizzard Entertainment,Blizzard Entertainment,8.Aug,Apr.54,Jan.84,0.17,1.Aug,0.73,24.5.2016,24.3.2018
Guitar Hero III: Legends of Rock,X360,Misc,RedOctane,Neversoft,8.Jul,Apr.53,Mar.19,0.01,0.91,0.42,28.10.2007,
Star Wars Battlefront II (2017),PS4,Shooter,Electronic Arts,EA DICE,,Apr.53,1.Jul,0.12,Jan.99,0.73,17.11.2017,29.12.2017
Madden NFL 2005,PS2,Sports,EA Sports,EA Tiburon,9.May,Apr.53,Apr.18,0.01,0.26,0.08,9.8.2004,
Spider-Man: The Movie,PS2,Action,Activision,Treyarch,8.Feb,Apr.48,Feb.71,0.03,Jan.51,0.23,15.4.2002,
The Elder Scrolls IV: Oblivion,X360,Role-Playing,Take-Two Interactive,Bethesda Softworks,9.Feb,Apr.47,Feb.89,0.13,1.Mar,0.41,7.7.2009,
Tony Hawk's Pro Skater 3,PS2,Sports,Activision,Neversoft Entertainment,9.Jan,Apr.41,Feb.66,0.01,Jan.29,0.46,28.10.2001,
Winning Eleven: Pro Evolution Soccer 2007,PS2,Sports,Konami,Konami Computer Entertainment Tokyo,8.Aug,Apr.39,0.1,1.May,Feb.39,0.86,6.2.2007,
Tom Clancy's The Division,PS4,Shooter,Ubisoft,Massive Entertainment,,Apr.37,Jan.49,0.16,2.Apr,0.69,8.3.2016,4.5.2018
Need for Speed: Most Wanted,PS2,Racing,Electronic Arts,EA Canada,8.Jun,Apr.37,2.Mar,0.08,Jan.79,0.47,15.11.2005,
Michael Jackson: The Experience,Wii,Misc,Ubisoft,Ubisoft Montpellier,5.Jun,Apr.37,Feb.64,0.01,Jan.33,0.39,23.11.2010,
Tom Clancy's Rainbow Six: Siege,PS4,Shooter,Ubisoft,Ubisoft Montreal,,Apr.36,Jan.29,0.36,2.Jun,0.64,1.12.2015,
Call of Duty: Advanced Warfare,X360,Shooter,Activision,High Moon Studios,9.Jan,Apr.34,Feb.81,0,Jan.13,0.41,4.11.2014,4.1.2018
Watch Dogs,PS4,Action-Adventure,Ubisoft,Ubisoft Montreal,,Apr.32,1.Apr,0.11,Feb.13,0.68,27.5.2014,15.3.2018
Asteroids,2600,Shooter,Atari,Atari,,Apr.31,4,,0.26,0.05,1.1.1981,
Batman: Arkham Asylum,PS3,Action,Eidos Interactive,Rocksteady Studios,9,Apr.28,Feb.26,0.07,Jan.33,0.63,25.8.2009,
Call of Duty: Advanced Warfare,PS3,Shooter,Activision,High Moon Studios,9.Jan,Apr.27,Jan.59,0.2,Jan.81,0.67,4.11.2014,4.1.2018
Namco Museum,GBA,Misc,Namco,Mass Media,,Apr.24,3,0.05,1.Nov,0.07,10.6.2001,
Assassin's Creed: Revelations,PS3,Action,Ubisoft,Ubisoft Montreal,8.Aug,Apr.23,Jan.41,0.1,2.Mar,0.69,15.11.2011,
Assassin's Creed: Revelations,X360,Action,Ubisoft,Ubisoft Montreal,7.Sep,Apr.22,Feb.28,0.04,Jan.47,0.44,15.11.2011,
FIFA Soccer 06,PS2,Sports,EA Sports,EA Canada,8.Apr,Apr.21,0.78,0.04,Feb.55,0.84,4.10.2005,
Street Fighter IV,PS3,Fighting,Capcom,Capcom / Dimps Corporation,9.Mar,Apr.19,2.Apr,0.59,1.May,0.52,17.2.2009,
FIFA Soccer 12,X360,Sports,EA Sports,EA Canada,9.Feb,Apr.18,0.85,0.02,Feb.79,0.52,27.9.2011,
Call of Duty: Ghosts,PS4,Shooter,Activision,Infinity Ward,7.May,Apr.17,Jan.79,0.05,Jan.64,0.69,15.11.2013,21.3.2018
Teenage Mutant Ninja Turtles,NES,Platform,Ultra Games,Konami,5.Sep,Apr.17,Mar.38,0.31,0.44,0.04,1.6.1989,
Frogger,PS,Action,Hasbro Interactive,Millenium Interactive,,Apr.16,Mar.79,,0.27,0.11,30.9.1997,
FIFA 14,X360,Sports,EA Sports,EA Canada,,Apr.15,0.94,0.01,Feb.92,0.29,24.9.2013,15.9.2018
Star Wars Battlefront (2015),XOne,Shooter,Electronic Arts,EA DICE,6.Sep,Apr.15,Feb.49,0.02,Jan.26,0.38,17.11.2015,24.3.2018
Madden NFL 2003,PS2,Sports,EA Sports,EA Tiburon,9.Apr,Apr.14,Mar.36,0.01,0.21,0.56,12.8.2002,
Assassin's Creed: Unity,PS4,Action,Ubisoft,Ubisoft Montreal,,Apr.14,Jan.25,0.09,Feb.16,0.65,11.11.2014,4.5.2018
Destiny 2,PS4,Shooter,Activision,Bungie,,Apr.14,Jan.92,0.1,Jan.44,0.69,6.9.2017,20.4.2018
FIFA 07 Soccer,PS2,Sports,EA Sports,Team Fusion,8.Apr,4.Nov,0.71,0.03,Feb.48,0.89,3.10.2006,
Batman: Arkham Knight,PS4,Action,Warner Bros. Interactive,Rocksteady Studios,8.Jan,4.Nov,Jan.65,0.11,Jan.68,0.66,23.6.2015,4.1.2018
The Sims 4,PC,Simulation,Electronic Arts,Maxis,7,4.Jan,1.Feb,,2.Jun,0.3,2.9.2014,29.12.2017
Fallout: New Vegas,X360,Role-Playing,Bethesda Softworks,Obsidian Entertainment,8.Feb,4.Aug,Feb.67,0.04,1.Mar,0.34,19.10.2010,
Carnival Games,Wii,Misc,Global Star Software,Cat Daddy Games,4.Feb,4.Jun,2.Dec,0.05,Jan.47,0.42,28.8.2007,
Far Cry 4,PS4,Shooter,Ubisoft,Ubisoft Montreal,8.Apr,4.Jun,Jan.18,0.11,Feb.14,0.63,18.11.2014,23.1.2018
Assassin's Creed Origins,PS4,Action,Ubisoft,Ubisoft Montreal,,4.Jun,Jan.22,0.11,2.Nov,0.63,27.10.2017,10.1.2018
World Soccer Winning Eleven 9,PS2,Sports,Konami,Konami Computer Entertainment Tokyo,8.Sep,4.Jun,0.12,0.9,Feb.26,0.77,7.2.2006,
Forza Motorsport 2,X360,Racing,Microsoft Game Studios,Turn 10 Studios,9.Jan,4.May,Feb.35,0.03,Jan.27,0.41,29.5.2007,
Namco Museum Vol.3,PS,Misc,Namco,Namco,,4.May,Feb.28,0.16,Jan.55,0.06,31.1.1997,
Tekken Tag Tournament,PS2,Fighting,Namco,Namco,8.Jul,4.May,Jan.68,0.51,Jan.51,0.35,25.10.2000,
Fallout 3,PS3,Role-Playing,Bethesda Softworks,Bethesda Game Studios,8.Aug,4,Feb.18,0.07,Jan.15,0.61,28.10.2008,
The Elder Scrolls V: Skyrim,PC,Role-Playing,Bethesda Softworks,Bethesda Game Studios,9.Feb,Mar.99,Jan.18,,Feb.25,0.56,11.11.2011,1.4.2018
NBA 2K16,PS4,Sports,2K Sports,Visual Concepts,8.Jul,Mar.98,Feb.56,0.05,0.66,0.71,29.9.2015,28.3.2018
Namco Museum: 50th Anniversary,PS2,Misc,Namco,Digital Eclipse,,Mar.98,2.Aug,,Jan.35,0.54,30.8.2005,
Far Cry 5,PS4,Action,Ubisoft,Ubisoft,7.Sep,Mar.95,Jan.44,0.15,Jan.73,0.62,27.3.2018,28.2.2018
Battlefield 4,PS4,Shooter,Electronic Arts,EA DICE,8.Mar,Mar.94,1.Apr,0.19,Jan.74,0.62,15.11.2013,9.1.2018
Assassin's Creed IV: Black Flag,PS3,Action-Adventure,Ubisoft,Ubisoft Montreal,8.Jul,Mar.94,Jan.34,0.13,Jan.86,0.62,29.10.2013,14.3.2018
Tony Hawk's Underground,PS2,Sports,Activision,Neversoft Entertainment,8.Jul,3.Sep,Feb.29,0.01,Jan.17,0.42,27.10.2003,
Just Dance 2014,Wii,Music,Ubisoft,Ubisoft Paris,7.Apr,Mar.89,Jan.91,,Jan.66,0.33,8.10.2013,8.3.2018
Sports Champions,PS3,Sports,Sony Computer Entertainment,SCE San Diego Studio,7.Jun,Mar.88,Feb.15,0.1,Jan.13,0.5,17.9.2010,
World Soccer Winning Eleven 8 International,PS2,Sports,Konami,Konami Computer Entertainment Tokyo,9.Mar,Mar.85,0.16,1.Dec,Jan.89,0.68,1.2.2005,
Namco Museum Vol.1,PS,Misc,Namco,Namco,,Mar.84,2.Dec,0.22,Jan.44,0.06,31.7.1996,
LEGO Indiana Jones: The Original Adventures,X360,Adventure,LucasArts,Traveller's Tales,7.May,Mar.76,2.Apr,,1.Jan,0.36,3.6.2008,
The Sims: Unleashed,PC,Simulation,Electronic Arts,Maxis,7.Mar,Mar.76,2.Mar,,Jan.56,0.17,23.9.2002,
Ratchet & Clank: Size Matters,PSP,Platform,Sony Computer Entertainment,High Impact Games,8.May,Mar.75,1.Apr,0.1,1.Apr,0.86,13.2.2007,
FIFA 17,XOne,Sports,Electronic Arts,EA Canada,8.Aug,Mar.71,1.Apr,,2.Apr,0.27,27.9.2016,28.3.2018
FIFA Soccer 2005,PS2,Sports,EA Sports,EA Canada,8.Apr,3.Jul,0.58,0.04,Feb.48,0.59,12.10.2004,
Tony Hawk's Pro Skater 4,PS2,Sports,Activision,Neversoft Entertainment,9.Jun,Mar.67,Feb.13,0.01,Jan.18,0.35,23.10.2002,
MySims,DS,Simulation,Electronic Arts,EA Redwood Shores,6.Jul,Mar.66,Jan.58,0.08,1.Jun,0.4,18.9.2007,
Midnight Club 3: DUB Edition,PSP,Racing,Rockstar Games,Rockstar Leeds,7.Feb,Mar.66,Jan.65,,Jan.22,0.79,27.6.2005,
SOCOM: U.S. Navy SEALs,PS2,Shooter,Sony Computer Entertainment,Zipper Interactive,8,Mar.65,Feb.53,0.06,0.81,0.24,27.8.2002,
Battlefield 4,PS3,Shooter,Electronic Arts,EA DICE,8.Jul,Mar.64,Jan.31,0.27,1.May,0.55,29.10.2013,4.1.2018
Jak and Daxter: The Precursor Legacy,PS2,Platform,Sony Computer Entertainment,Naughty Dog,9,Mar.64,2.Aug,0.15,1.Sep,0.33,4.12.2001,
Pro Evolution Soccer 2008,PS2,Sports,Konami,Konami,8.Feb,Mar.63,0.05,0.64,0,Feb.93,11.3.2008,
FIFA Soccer 10,PS3,Sports,EA Sports,EA Canada,9,Mar.63,0.6,0.05,Feb.46,0.52,20.10.2009,
Guitar Hero: World Tour,Wii,Misc,Activision,Vicarious Visions,8.Apr,Mar.62,Feb.32,,0.96,0.34,26.10.2008,
The Simpsons: Road Rage,PS2,Racing,Electronic Arts,Radical Entertainment,6.Jan,Mar.61,2.Feb,,Jan.17,0.42,24.11.2001,
Star Wars Battlefront,PS2,Shooter,LucasArts,Pandemic Studios,8.Jan,Mar.61,Jan.93,0.03,Jan.22,0.44,20.9.2004,
Doom II,PC,Shooter,GT Interactive,id Software,9.Mar,Mar.61,2.May,,1.Apr,0.16,30.9.1994,
Assassin's Creed Syndicate,PS4,Action,Ubisoft,Ubisoft Quebec,8.Jun,3.Jun,0.9,0.08,2.Jun,0.55,23.10.2015,4.5.2018
Star Wars Battlefront II,PS2,Shooter,LucasArts,Pandemic Studios,8.May,Mar.59,Feb.18,0.03,1.Feb,0.37,1.11.2005,
Assassin's Creed: Unity,XOne,Action,Ubisoft,Ubisoft Montreal,,Mar.58,Feb.34,0,0.9,0.34,11.11.2014,4.5.2018
WWF SmackDown!,PS,Fighting,THQ,Yuke's,,Mar.58,2.Jan,0.06,Jan.35,0.16,1.3.2000,
Cooking Mama 2: Dinner With Friends,DS,Simulation,Majesco,Office Create,6.Sep,Mar.58,1.Jun,0.1,Jan.49,0.39,13.11.2007,
The Getaway,PS2,Action,Sony Computer Entertainment,Team Soho,7.Jul,Mar.54,Jan.23,0.05,Jan.77,0.49,19.1.2003,
Tomb Raider III: Adventures of Lara Croft,PS,Adventure,Eidos Interactive,Core Design Ltd.,8.Feb,Mar.54,Jan.66,0.12,Jan.58,0.18,21.11.1998,
Grand Theft Auto: Liberty City Stories,PS2,Action,Rockstar Games,Rockstar Leeds,8.Mar,Mar.54,Jan.56,0.07,1.Apr,0.5,6.6.2006,
Battlefield 4,X360,Shooter,Electronic Arts,EA DICE,8.Jul,Mar.54,Feb.16,0.02,1.May,0.32,29.10.2013,4.1.2018
Batman: Arkham Asylum,X360,Action,Eidos Interactive,Rocksteady Studios,9.Jan,Mar.54,Feb.24,0.02,0.95,0.33,25.8.2009,
Resident Evil 5,X360,Action,Capcom,Capcom,8.Jun,Mar.53,Feb.13,0.12,0.93,0.34,13.3.2009,
Assassin's Creed: Brotherhood,X360,Action,Ubisoft,Ubisoft Montreal,9.Jan,Mar.53,Feb.87,0.03,0.39,0.25,16.11.2010,
LEGO Star Wars: The Video Game,PS2,Action,Eidos Interactive,Traveller's Tales,7.Sep,Mar.53,Jan.98,0.01,Jan.14,0.41,2.4.2005,
James Bond 007: Agent Under Fire,PS2,Shooter,Electronic Arts,EA Redwood Shores,,Mar.53,1.Sep,0.1,Jan.13,0.41,13.11.2001,
Rugrats in Paris: The Movie,PS,Action,THQ,Avalanche Software,,Mar.52,Jan.96,,Jan.33,0.23,29.10.2000,
FIFA Soccer 11,X360,Sports,EA Sports,EA Canada,8.Jul,Mar.52,0.71,0.02,Feb.39,0.4,28.9.2010,
NBA 2K17,PS4,Sports,2K Sports,Visual Concepts,9,Mar.52,Feb.28,0.03,0.59,0.63,16.9.2016,28.3.2018
Mortal Kombat X,PS4,Fighting,Warner Bros. Interactive Entertainment,NetherRealm Studios,,Mar.49,Jan.94,,0.94,0.61,14.4.2015,4.1.2018
FIFA Soccer 2004,PS2,Sports,EA Sports,EA Canada,8,Mar.49,0.59,0.04,Feb.36,0.51,4.11.2003,
Borderlands,X360,Shooter,2K Games,Gearbox Software,8.Mar,Mar.48,Feb.43,0.03,0.72,0.3,20.10.2009,
Battlefield: Bad Company 2,X360,Shooter,Electronic Arts,EA Digital Illusions CE,9,Mar.48,2.Nov,0.04,1.Jan,0.33,2.3.2010,
Mario & Sonic at the Olympic Winter Games,DS,Sports,Sega,Sega,7.Jun,Mar.47,Jan.21,0.27,Jan.63,0.37,13.10.2009,
Guitar Hero: On Tour,DS,Misc,Activision,Vicarious Visions,7.Jan,Mar.46,2.Jan,0.01,1.Jan,0.35,22.6.2008,
Tekken 4,PS2,Fighting,Namco,Namco,7.Sep,Mar.44,Jan.55,0.33,Jan.27,0.29,23.9.2002,
LEGO Batman: The Videogame,X360,Adventure,Warner Bros. Interactive,Traveller's Tales,7.May,Mar.44,2.Jul,,1.Apr,0.34,23.9.2008,
Halo: The Master Chief Collection,XOne,Shooter,Microsoft Studios,343 Industries,8.Aug,Mar.44,2.Jun,0.03,1.Apr,0.31,11.11.2014,24.3.2018
LittleBigPlanet 2,PS3,Platform,Sony Computer Entertainment,Media Molecule,9.Jan,Mar.43,Jan.83,0.06,1.Jul,0.47,18.1.2011,
FIFA 14,PS4,Sports,EA Sports,EA Canada,,Mar.43,0.62,0.12,Feb.18,0.51,15.11.2013,15.9.2018
Grand Theft Auto 2,PS,Action,Rockstar Games,DMA Design,6.Sep,Mar.42,Jan.13,,2.Jul,0.22,25.10.1999,
Destiny,XOne,Shooter,Activision,Bungie,8.Mar,Mar.41,Feb.17,,0.92,0.32,9.9.2014,12.1.2018
Spider-Man 2,PS2,Action,Activision,Treyarch,7.Sep,Mar.41,Jan.75,0.02,1.Feb,0.43,28.6.2004,
FIFA Soccer 2003,PS2,Sports,EA Sports,EA Canada,,3.Apr,0.46,0.05,Feb.28,0.61,14.11.2002,
Crash Bash,PS,Misc,Sony Computer Entertainment,Eurocom Entertainment Software,6.Aug,Mar.39,Jan.56,0.19,Jan.47,0.17,6.11.2000,
Gears of War 4,XOne,Shooter,Microsoft Studios,The Coalition,,Mar.38,Feb.17,,0.9,0.32,11.10.2016,13.1.2018
The Elder Scrolls V: Skyrim Special Edition,PS4,Role-Playing,Bethesda Softworks,Bethesda Softworks,8.Mar,Mar.36,Jan.24,0.08,1.May,0.54,28.10.2016,1.4.2018
Watch Dogs 2,PS4,Action,Ubisoft,Ubisoft,,Mar.36,0.98,0.12,Jan.74,0.52,15.11.2016,
WWF War Zone,PS,Fighting,Acclaim Entertainment,Iguana Entertainment,,Mar.36,Feb.47,,0.76,0.13,14.7.1998,
Assassin's Creed IV: Black Flag,X360,Action-Adventure,Ubisoft,Ubisoft Montreal,8.May,Mar.34,1.Sep,0.01,Jan.14,0.3,29.10.2013,22.3.2018
NBA 2K18,PS4,Sports,2K Sports,Visual Concepts,8.Jan,Mar.34,Feb.13,0.04,0.57,0.59,19.9.2017,2.4.2018
James Bond 007: Nightfire,PS2,Shooter,Electronic Arts,Eurocom Entertainment Software,,Mar.33,Jan.45,0.12,Jan.29,0.46,18.11.2002,
Star Wars Episode III: Revenge of the Sith,PS2,Action,LucasArts,The Collective,,Mar.32,Jan.47,0.03,Jan.39,0.43,4.5.2005,
Max Payne,PS2,Shooter,Rockstar Games,Remedy Entertainment,8.Jan,Mar.31,Jan.99,0.05,1.May,0.22,6.12.2001,
Madden NFL 16,PS4,Sports,EA Sports,EA Tiburon,8.Feb,3.Mar,Feb.39,,0.31,0.61,25.8.2015,31.3.2018
The Lord of the Rings: The Return of the King,PS2,Action,Electronic Arts,Hypnos Entertainment, Inc.,8.Apr,Mar.28,1.May,0.05,Jan.28,0.46,5.11.2003,
Madden NFL 17,PS4,Sports,EA Sports,EA Tiburon,8.May,Mar.28,2.Mar,,0.37,0.6,23.8.2016,1.4.2018
Gran Turismo (PSP),PSP,Racing,Sony Computer Entertainment,Polyphony Digital,,Mar.27,0.51,0.31,Jan.59,0.86,1.10.2009,3.1.2018
Far Cry 3,PS3,Shooter,Ubisoft,Ubisoft Montreal,,Mar.27,0.88,0.1,Jan.79,0.5,4.12.2012,
True Crime: Streets of LA,PS2,Action,Activision,Luxoflux,,Mar.27,Jan.89,0.02,1.May,0.31,3.11.2003,
FIFA 16,XOne,Sports,EA Sports,EA Canada,8.May,Mar.25,0.92,,2.Jan,0.24,22.9.2015,1.4.2018
L.A. Noire,PS3,Adventure,Rockstar Games,Team Bondi,9.Jan,Mar.21,Jan.29,0.12,Jan.31,0.49,15.11.2011,
007: Tomorrow Never Dies,PS,Shooter,Electronic Arts,Black Ops Entertainment,6.Feb,Mar.21,Jan.72,,Jan.33,0.16,16.11.1999,
WWF SmackDown! 2: Know Your Role,PS,Fighting,THQ,Yuke's,8.Jul,3.Feb,Jan.76,0.07,Jan.21,0.16,21.11.2000,
Assassin's Creed IV: Black Flag,PS4,Action-Adventure,Ubisoft,Ubisoft Montreal,8.Mar,Mar.19,1.Jul,0.06,Jan.55,0.51,15.11.2013,14.3.2018
Enter the Matrix,PS2,Action,Atari,Shiny Entertainment,,Mar.18,Jan.78,0.09,1.Dec,0.19,14.5.2003,
Assassin's Creed Odyssey,PS4,Action-Adventure,Ubisoft,Ubisoft Quebec,9.May,Mar.18,Jan.18,0.09,1.Apr,0.51,5.10.2018,17.11.2018
Fallout: New Vegas,PS3,Role-Playing,Bethesda Softworks,Obsidian Entertainment,8.Feb,Mar.17,Jan.54,0.1,1.Apr,0.49,19.10.2010,
FIFA Soccer 08,PS2,Sports,EA Sports,EA Canada,,Mar.14,0.68,,0,Feb.46,9.10.2007,
Club Penguin: Elite Penguin Force,DS,Adventure,Disney Interactive Studios,1st Playable Productions,7,Mar.14,Jan.87,,0.97,0.3,25.11.2008,
FIFA 18,XOne,Sports,EA Sports,EA Vancouver,8,Mar.14,0.98,,Jan.92,0.23,29.9.2017,2.4.2018
Spider-Man,PS,Action,Activision,Neversoft Entertainment,,Mar.13,1.Jul,0.02,Jan.25,0.16,30.8.2000,
The Elder Scrolls IV: Oblivion,PS3,Role-Playing,Bethesda Softworks,4J Studios,9.Mar,3.Dec,Jan.69,0.14,0.86,0.44,20.3.2007,
Resident Evil 6,PS3,Action,Capcom,Capcom,,3.Dec,0.88,0.88,0.97,0.39,2.10.2012,
Need for Speed III: Hot Pursuit,PS,Racing,Electronic Arts,EA Canada,,3.Dec,Feb.14,,0.86,0.13,25.3.1998,
Tom Clancy's Ghost Recon Wildlands,PS4,Shooter,Ubisoft,Ubisoft Paris,7,3.Dec,1.Jul,0.22,Jan.35,0.47,7.3.2017,1.4.2018
Titanfall,XOne,Shooter,Electronic Arts,Respawn Entertainment,,3.Nov,Jan.88,0.04,0.91,0.28,11.3.2014,12.1.2018
NBA 2K13,X360,Sports,2K Sports,Visual Concepts,8.Jun,3.Nov,Feb.62,0.01,0.21,0.28,2.10.2012,4.1.2018
Mass Effect 2,X360,Role-Playing,Electronic Arts,BioWare Edmonton,9.May,3.Jan,Jan.99,0.03,0.81,0.27,26.1.2010,
LEGO Batman: The Videogame,Wii,Adventure,Warner Bros. Interactive,Traveller's Tales,7.Mar,3.Aug,1.Aug,,0.98,0.29,23.9.2008,
Madden NFL 2002,PS2,Sports,EA Sports,EA Sports,,3.Aug,2.May,0.01,0.16,0.42,19.8.2001,
Saints Row 2,X360,Action,THQ,Volition Inc.,7.Sep,3.Jul,Jan.98,0.02,0.79,0.28,14.10.2008,2.4.2018
Call of Duty: Ghosts,XOne,Shooter,Activision,Infinity Ward,7.May,3.Jul,Jan.92,,0.86,0.28,22.11.2013,21.3.2018
The Sims: Vacation,PC,Simulation,Electronic Arts,Maxis,,3.Jul,Jan.72,,Jan.21,0.14,25.3.2002,
Borderlands 2,X360,Shooter,2K Games,Gearbox Software,,3.Jun,Jan.89,0.04,0.88,0.26,15.1.2013,
LEGO Batman: The Videogame,DS,Adventure,Warner Bros. Interactive,Traveller's Tales,7.Aug,3.Jun,Jan.75,,1.Feb,0.29,23.9.2008,
Kung Fu Panda,X360,Platform,Activision,Luxoflux,7.May,3.May,Jan.91,,0.84,0.29,3.6.2008,
Metal Gear Solid V: The Phantom Pain,PS4,Action,Konami Digital Entertainment,Kojima Productions,,3.Apr,0.97,0.5,Jan.15,0.42,1.9.2015,4.5.2018
Mass Effect 3,X360,Role-Playing,Electronic Arts,BioWare,9.May,3.Apr,Jan.94,0.03,0.84,0.24,6.3.2012,
Rayman,PS,Platform,Ubisoft,Ubisoft Montpellier,7,3.Mar,Jan.54,,Jan.33,0.16,1.9.1995,
Tom Clancy's Splinter Cell,XB,Action,Ubisoft,Ubisoft,9.Mar,3.Feb,Jan.85,,1.Apr,0.13,17.11.2002,
WWE SmackDown! vs. Raw 2006,PS2,Fighting,THQ,Yuke's,8.Apr,3,Jan.57,,1.Feb,0.41,15.11.2005,4.1.2018
The Sims: Livin Large,PC,Misc,Electronic Arts,Maxis,,Feb.99,Jan.67,,Jan.18,0.13,27.8.2000,
World Soccer Winning Eleven 6 International,PS2,Sports,Konami,Konami Computer Entertainment Tokyo,,Feb.99,0.12,Jan.16,Jan.26,0.45,11.3.2003,
Far Cry 3,X360,Shooter,Ubisoft,Ubisoft Montreal,,Feb.98,Jan.38,0.02,Jan.33,0.25,4.12.2012,7.2.2018
Hitman 2: Silent Assassin,PS2,Action,Eidos Interactive,IO Interactive,,Feb.96,Jan.36,0.04,Jan.15,0.41,1.10.2002,
Battlefield: Bad Company 2,PS3,Shooter,Electronic Arts,EA Digital Illusions CE,8.Sep,Feb.96,Jan.33,0.08,1.Nov,0.44,2.3.2010,
Street Fighter IV,X360,Fighting,Capcom,Capcom / Dimps Corporation,9.Mar,Feb.95,Jan.83,0.15,0.7,0.26,17.2.2009,
WWE SmackDown! vs. RAW 2006,PS2,Fighting,THQ,Yuke's,,Feb.94,Jan.45,0.04,1.Nov,0.33,14.11.2005,
Pac-Man Collection,GBA,Puzzle,Namco,Mass Media,,Feb.94,2.Jul,0.05,0.77,0.05,12.7.2001,
Madden NFL 13,X360,Sports,EA Sports,EA Tiburon,8,Feb.93,Feb.53,,0.16,0.24,28.8.2012,4.1.2018
Doom (2016),PS4,Shooter,Bethesda Softworks,id Software,,Feb.92,0.93,0.04,Jan.48,0.46,13.5.2016,
FIFA 15,X360,Sports,EA Sports,EA Canada,6.Sep,Feb.91,0.8,,1.Sep,0.21,23.9.2014,23.3.2018
Mass Effect,X360,Role-Playing,Microsoft Game Studios,BioWare Edmonton,9.Feb,Feb.91,Jan.83,0.03,0.79,0.27,20.11.2007,
Mortal Kombat (2011),PS3,Fighting,Warner Bros. Interactive Entertainment,NetherRealm Studios,8.May,2.Sep,Jan.98,,0.54,0.38,19.4.2011,6.1.2018
Call of Duty: Finest Hour,PS2,Shooter,Activision,Spark Unlimited,,Feb.89,Jan.51,0.01,1.Dec,0.24,16.11.2004,
Cooking Mama: Cook Off,Wii,Simulation,Majesco,Office Create,5.Sep,Feb.89,Jan.41,0.05,1.Dec,0.3,20.3.2007,
Sega Superstars Tennis,X360,Sports,Sega,Sumo Digital,6.Sep,Feb.89,Jan.75,,0.86,0.28,18.3.2008,
Hot Shots Golf 3,PS2,Sports,Sony Computer Entertainment,Clap Hanz,,Feb.89,0.99,Jan.38,0.32,0.2,11.3.2002,
Imagine: Babyz,DS,Simulation,Ubisoft,Visual Impact,3.May,Feb.87,1.Mar,,Jan.26,0.31,23.10.2007,
Colin McRae Rally,PS,Racing,Sony Computer Entertainment,Codemasters,7.Sep,Feb.87,0.09,0.12,Feb.43,0.22,31.1.2000,
Mafia III,PS4,Action-Adventure,2K Games,Hangar 13,6.Sep,Feb.87,0.72,0.04,Jan.67,0.44,7.10.2016,2.4.2018
The Elder Scrolls III: Morrowind,XB,Role-Playing,Bethesda Softworks,Bethesda Softworks,8.Feb,Feb.86,2.Sep,0.03,0.63,0.11,6.6.2002,
Assassin's Creed: Brotherhood,PS3,Action,Ubisoft,Ubisoft Montreal,9.Jan,Feb.85,Jan.87,0.11,0.57,0.3,16.11.2010,
Madden NFL 10,X360,Sports,EA Sports,EA Tiburon,8.Jun,Feb.83,Feb.52,,0.09,0.22,14.8.2009,
BioShock,X360,Shooter,2K Games,2K Australia / 2K Boston,9.Jun,Feb.83,Jan.65,0.05,0.85,0.28,21.8.2007,
WWE SmackDown! vs. Raw,PS2,Fighting,THQ,Yuke's,,Feb.83,Jan.32,0.04,1.Aug,0.39,2.11.2004,
Zumba Fitness 2,Wii,Sports,Majesco,Pipeworks Software, Inc.,,Feb.83,Jan.52,,1.May,0.26,15.11.2011,
Diablo III: Ultimate Evil Edition,PS4,Role-Playing,Blizzard Entertainment,Blizzard Entertainment,,Feb.82,0.83,0.08,Jan.48,0.44,19.8.2014,25.3.2019
Finding Nemo,GBA,Platform,THQ,Vicarious Visions,7,Feb.82,Jan.59,0.04,1.May,0.14,10.5.2003,
Gran Turismo (PSP),PSN,Racing,Sony Computer Entertainment,Polyphony Digital,7.Aug,Feb.82,0.43,0.31,0.91,Jan.16,1.10.2009,
Medal of Honor,PS3,Shooter,Electronic Arts,EA Los Angeles,6.Jul,Feb.82,Jan.28,0.07,1.Apr,0.43,12.10.2010,
Imagine: Fashion Designer,DS,Simulation,Ubisoft,Virtual Toys / Lexis Numerique,3,Feb.81,Jan.32,,Jan.19,0.3,23.10.2007,17.9.2018
Need for Speed: Hot Pursuit,PS3,Racing,Electronic Arts,Criterion Games,8.Sep,Feb.81,1.May,0.03,Jan.24,0.49,16.11.2010,
Killzone 3,PS3,Shooter,Sony Computer Entertainment,Guerrilla Games,8.Feb,Feb.81,Jan.46,0.09,0.87,0.38,22.2.2011,
NBA Street,PS2,Sports,EA Sports BIG,NuFX,,Feb.79,Feb.19,,0.22,0.38,18.6.2001,
Skylanders: Spyro's Adventure,Wii,Action,Activision,Toys for Bob,8,Feb.79,Jan.35,,Jan.15,0.3,16.10.2011,
WWF SmackDown! Just Bring It,PS2,Fighting,THQ,Yuke's,,Feb.79,Jan.19,0.04,Jan.15,0.41,18.11.2001,
Mortal Kombat Trilogy,PS,Fighting,Midway Games,Avalanche Software,,Feb.79,Jan.98,,0.7,0.11,1.9.1996,
Hot Shots Golf,PS,Sports,Sony Computer Entertainment,Camelot Software Planning,,Feb.79,0.29,Feb.13,0.2,0.18,5.5.1998,
A Bug's Life,PS,Platform,Sony Computer Entertainment,Traveller's Tales,3.Jun,Feb.79,Jan.96,,0.72,0.11,31.10.1998,
Star Wars: The Force Unleashed,X360,Action,LucasArts,LucasArts,7.Jan,Feb.77,Jan.74,,0.78,0.26,16.9.2008,
Saints Row: The Third,X360,Action,THQ,Volition Inc.,8.Mar,Feb.77,Jan.26,0.07,Jan.14,0.3,15.11.2011,
The Sims,PS2,Simulation,Electronic Arts,Edge of Reality,,Feb.77,Jan.41,,1.Dec,0.24,12.1.2003,
Battlefield 3,PC,Shooter,Electronic Arts,Dice,8.Sep,Feb.76,0.89,,Jan.44,0.43,25.10.2011,
Need for Speed: Most Wanted (2012),PS3,Racing,Electronic Arts,Criterion Games,8.May,Feb.74,0.71,0.06,Jan.52,0.45,30.10.2012,19.12.2018
Far Cry: Primal,PS4,Action-Adventure,Ubisoft,Ubisoft Montreal,7.Feb,Feb.73,0.63,0.07,Jan.61,0.41,23.2.2016,3.4.2018
L.A. Noire,X360,Adventure,Rockstar Games,Team Bondi,9.Jan,Feb.73,Jan.55,0.02,0.92,0.24,15.11.2011,
Overwatch,XOne,Shooter,Blizzard Entertainment,Blizzard Entertainment,8.Jul,Feb.72,Jan.63,,0.84,0.25,24.5.2016,24.3.2018
Need for Speed (2015),PS4,Racing,Electronic Arts,Ghost Games,7,Feb.72,0.59,0.06,Jan.66,0.41,3.11.2015,3.4.2018
Tom Clancy's Rainbow Six: Siege,XOne,Shooter,Ubisoft,Ubisoft Montreal,,Feb.71,Jan.62,,0.84,0.25,1.12.2015,9.1.2018
Skate 3,X360,Sports,EA Sports,EA Black Box,8.Mar,Feb.71,Jan.47,,0.99,0.25,11.5.2010,
Madden NFL 13,PS3,Sports,EA Sports,EA Tiburon,8.Mar,Feb.71,2.Dec,,0.24,0.36,28.8.2012,4.1.2018
Madden NFL 12,X360,Sports,EA Sports,EA Tiburon,7.Aug,2.Jul,Feb.43,,0.11,0.16,30.8.2011,
Call of Duty 3,X360,Shooter,Activision,Treyarch,8,2.Jul,Jan.49,0.02,0.92,0.27,7.11.2006,
LEGO Star Wars II: The Original Trilogy,PS2,Action,LucasArts,Traveller's Tales,8.Apr,Feb.69,Jan.85,0.01,0.64,0.19,12.9.2006,
Madden NFL 11,X360,Sports,EA Sports,EA Tiburon,8.Mar,Feb.69,Feb.38,,0.12,0.19,10.8.2010,
Burnout 3: Takedown,PS2,Racing,Electronic Arts,Criterion Games,9.Mar,Feb.68,Jan.23,,1.Nov,0.34,7.9.2004,
Mortal Kombat,GEN,Fighting,Arena Entertainment,Probe Entertainment Limited,,Feb.67,Jan.95,,0.63,0.09,13.9.1993,
Medal of Honor,PS,Shooter,Electronic Arts,DreamWorks Interactive,9.Mar,Feb.67,Jan.44,,1.Sep,0.14,11.11.1999,
Call of Duty 2: Big Red One,PS2,Shooter,Activision,Treyarch,8.May,Feb.67,Jan.48,0.01,0.92,0.26,1.11.2005,
Final Fantasy XIII-2,PS3,Role-Playing,Square Enix,Square Enix,8.Mar,Feb.66,0.78,0.89,0.75,0.23,31.1.2012,
Medal of Honor Heroes,PSP,Shooter,Electronic Arts,Team Fusion,6.Jul,Feb.66,0.86,0.01,1.Nov,0.67,20.10.2006,
Guitar Hero: World Tour,X360,Misc,Activision,Neversoft Entertainment,8.Jun,Feb.66,Jan.78,,0.64,0.25,26.10.2008,
WWE SmackDown! Shut Your Mouth,PS2,Fighting,THQ,Yuke's,,Feb.66,Jan.32,0.04,Jan.29,,31.10.2002,
Tom Clancy's Splinter Cell,PS2,Action,Ubisoft,Ubisoft,,Feb.65,Jan.15,,1.Nov,0.4,8.4.2003,
Need for Speed: Shift,PS3,Racing,Electronic Arts,Slightly Mad Studios,8.Feb,Feb.65,0.69,0.04,1.Apr,0.52,15.9.2009,
Hannah Montana,DS,Action,Buena Vista,DC Studios,6.May,Feb.65,Jan.59,,0.8,0.26,10.10.2006,
Medal of Honor,X360,Shooter,Electronic Arts,EA Los Angeles,7.Mar,Feb.64,Jan.58,0.04,0.8,0.22,12.10.2010,
NBA 2K12,X360,Sports,2K Sports,Visual Concepts,9.Jan,Feb.64,Feb.32,0.01,0.14,0.17,4.10.2011,
Midnight Club: Street Racing,PS2,Racing,Rockstar Games,Angel Studios,,Feb.63,2,0.02,0.47,0.14,25.10.2000,
NBA 2K19,PS4,Sports,2K Sports,Visual Concepts,,Feb.63,Jan.69,0.03,0.44,0.47,11.9.2018,26.9.2018
NBA 2K13,PS3,Sports,2K Sports,Visual Concepts,8.Sep,Feb.63,Jan.74,0.05,0.46,0.39,2.10.2012,4.1.2018
FIFA Soccer 10,X360,Sports,EA Sports,EA Canada,8.Sep,Feb.62,0.6,0.01,Jan.79,0.23,20.10.2009,
ESPN NFL 2K5,PS2,Sports,Sega,Visual Concepts,,Feb.62,Feb.15,,0.12,0.36,20.7.2004,
Madden NFL 18,PS4,Sports,EA Sports,EA Tiburon,8.Feb,Feb.62,Jan.73,,0.42,0.47,25.8.2017,3.4.2018
LittleBigPlanet,PSP,Platform,Sony Computer Entertainment,SCEE Cambridge,8.Aug,Feb.61,0.65,0.01,Jan.27,0.68,17.11.2009,3.12.2018
Harry Potter and the Chamber of Secrets,PS2,Adventure,Electronic Arts,Eurocom Entertainment Software,,Feb.61,0.9,0.04,Jan.22,0.44,14.11.2002,
Grand Theft Auto: Episodes from Liberty City,X360,Adventure,Rockstar Games,Rockstar North,9,2.Jun,1.Aug,0.03,Jan.22,0.27,29.10.2009,
Streets of Rage,GEN,Action,Sega,Sega,,2.Jun,Jan.86,0.11,0.55,0.08,31.12.1990,
FIFA Soccer 09,PS3,Sports,Electronic Arts,EA Canada,8.Jun,Feb.59,0.49,0.04,Jan.63,0.43,14.10.2008,
NBA Live 2005,PS2,Sports,EA Sports,EA Canada,,Feb.59,2.Mar,,0.21,0.35,28.9.2004,
Tom Clancy's The Division,XOne,Shooter,Ubisoft,Massive Entertainment,,Feb.59,Jan.54,,0.82,0.24,8.3.2016,4.5.2018
LEGO Star Wars: The Complete Saga,X360,Action,LucasArts,Traveller's Tales,,Feb.59,Jan.53,,0.83,0.24,6.11.2007,
WWE SmackDown vs. RAW 2007,PS2,Fighting,THQ,Yuke's,8,Feb.58,1.Apr,0.03,0.88,0.26,14.11.2006,
Skylanders Giants,Wii,Misc,Activision,Toys for Bob,,Feb.58,Jan.49,,0.86,0.23,21.10.2012,16.1.2018
Madden NFL 08,PS2,Sports,EA Sports,EA Tiburon,,Feb.57,Feb.14,,0.08,0.35,14.8.2007,
NBA 2K14,X360,Sports,2K Sports,Visual Concepts,,Feb.57,2.Nov,0,0.19,0.27,11.10.2013,5.1.2018
Dragon Age: Origins,X360,Role-Playing,Electronic Arts,BioWare Edmonton,8.May,Feb.56,Jan.76,0.03,0.55,0.22,3.11.2009,
Hot Shots Golf,PS,Sports,Sony Computer Entertainment,Camelot Software Planning,,Feb.56,0.26,Feb.13,0.17,,5.5.1998,
FIFA 16,PS3,Sports,EA Sports,EA Canada,9,Feb.55,0.43,0.05,Jan.68,0.38,22.9.2015,1.4.2018
Madden NFL 09,X360,Sports,EA Sports,EA Tiburon,8.May,Feb.54,Feb.21,,0.12,0.2,12.8.2008,
Crazy Taxi,PS2,Racing,Acclaim Entertainment,Hitmaker,8.Feb,Feb.52,Jan.13,0.06,1.Dec,0.22,14.5.2001,
Tomb Raider (2013),PS3,Action,Square Enix,Crystal Dynamics,8.Sep,Feb.51,0.6,0.08,Jan.45,0.38,5.3.2013,6.1.2018
Midnight Club: Los Angeles,PS3,Racing,Rockstar Games,Rockstar San Diego,8.Mar,2.May,Jan.59,0.05,0.54,0.33,20.10.2008,
PES 2009: Pro Evolution Soccer,PS2,Sports,Konami,Konami,,2.May,0.13,0.26,0.07,2.May,11.11.2008,
Marvel: Ultimate Alliance,X360,Role-Playing,Activision,Raven Software,8.Mar,2.May,Feb.29,,0.02,0.19,24.10.2006,
Rockstar Games Double Pack: Grand Theft Auto III & Grand Theft Auto Vice City,XB,Action,Rockstar Games,Rockstar North,9.Aug,Feb.49,Jan.84,,0.56,0.09,31.10.2003,
Mortal Kombat: Deadly Alliance,PS2,Fighting,Midway Games,Midway,8.Feb,Feb.49,Jan.81,,0.52,0.15,16.11.2002,
Game Party,Wii,Misc,Midway Games,JGI Entertainment,2.Jun,Feb.49,Jan.47,,0.77,0.24,27.11.2007,
NBA 2K15,PS4,Sports,2K Sports,Visual Concepts,,Feb.49,Jan.49,0.01,0.55,0.44,7.10.2014,4.1.2018
Saints Row: The Third,PS3,Action,THQ,Volition Inc.,8.Mar,Feb.48,0.86,0.18,1.Jun,0.37,15.11.2011,
Tomb Raider: The Last Revelation,PS,Action,Eidos Interactive,Core Design Ltd.,,Feb.48,Jan.15,0.06,Jan.14,0.13,22.11.1999,
Madden NFL 16,XOne,Sports,EA Sports,EA Tiburon,8.Apr,Feb.47,Feb.13,,0.08,0.26,25.8.2015,31.3.2018
Rock Band,X360,Misc,MTV Games,Harmonix Music Systems,9.Jan,Feb.47,Jan.93,,0.33,0.21,20.11.2007,
Assassin's Creed Origins,XOne,Action,Ubisoft,Ubisoft Montreal,,Feb.47,Jan.34,,0.92,0.22,27.10.2017,10.1.2018
Minecraft,PSV,Misc,Sony Computer Entertainment America,4J Studios,,Feb.47,0.22,Jan.25,0.73,0.27,11.11.2014,5.8.2018
Pure,X360,Racing,Disney Interactive Studios,Black Rock Studio,8.Mar,Feb.47,Jan.38,0,0.84,0.25,16.9.2008,
LEGO Harry Potter: Years 1-4,Wii,Adventure,Warner Bros. Interactive,Traveller's Tales,7.Sep,Feb.45,Jan.29,,0.94,0.22,29.6.2010,1.12.2018
Dying Light,PS4,Action,Warner Bros. Interactive,Techland,,Feb.45,Jan.18,0.13,0.74,0.4,27.1.2015,4.5.2018
Madden NFL 17,XOne,Sports,EA Sports,EA Tiburon,8.Jan,Feb.44,Feb.14,,0.04,0.26,23.8.2016,1.4.2018
Twisted Metal 2,PS,Racing,Sony Computer Entertainment,SingleTrac,8.Jul,Feb.44,2.Dec,,0.25,0.07,31.10.1996,
uDraw Studio,Wii,Misc,THQ,Pipeworks Software, Inc.,,Feb.44,Jan.65,,0.58,0.21,14.11.2010,
The Sims: Bustin' Out,PS2,Simulation,Electronic Arts,Maxis,,Feb.43,1.Jul,,Jan.19,0.18,15.12.2003,
Tom Clancy's Rainbow Six: Vegas 2,X360,Shooter,Ubisoft,Ubisoft Montreal,8.Feb,Feb.42,Jan.56,0.02,0.61,0.23,18.3.2008,
Sonic Adventure,DC,Platform,Sega,Sonic Team,8.Sep,Feb.42,Jan.26,0.46,0.61,0.08,9.9.1999,
Need for Speed Carbon: Own the City,PSP,Racing,Electronic Arts,EA Black Box,7.Apr,Feb.42,0.87,,0.97,0.58,31.10.2006,
Halo: Combat Evolved Anniversary,X360,Shooter,Microsoft Studios,343 Industries,8,Feb.41,Jan.44,0.04,0.71,0.22,15.11.2011,
Kinect: Disneyland Adventures,X360,Action-Adventure,Microsoft Studios,Frontier Developments,8.May,Feb.41,Jan.73,0.02,0.43,0.23,15.11.2011,29.9.2018
Need for Speed: ProStreet,PS2,Racing,Electronic Arts,EA Black Box,,Feb.41,0.69,0.04,0,Jan.68,13.11.2007,
Pro Evolution Soccer 2011,PS3,Sports,Konami,Konami,6,Feb.41,0.29,0.54,Jan.18,0.41,5.10.2010,
NBA 2K16,XOne,Sports,2K Sports,Visual Concepts,8.Mar,Feb.41,2.Jan,,0.15,0.25,29.9.2015,28.3.2018
ATV Offroad Fury,PS2,Racing,Sony Computer Entertainment,Rainbow Studios,8.Apr,Feb.41,2.Jul,,0.26,0.08,5.2.2001,
Forza Motorsport 5,XOne,Racing,Microsoft Studios,Turn 10 Studios,,2.Apr,Jan.28,0.01,0.9,0.21,22.11.2013,15.1.2018
Batman: Arkham Origins,PS3,Action-Adventure,Warner Bros. Interactive Entertainment,Warner Bros. Interactive Entertainment,,2.Apr,1.Aug,0.04,0.88,0.4,25.10.2013,13.4.2018
Midnight Club: Los Angeles,X360,Racing,Rockstar Games,Rockstar San Diego,8,2.Apr,Jan.72,0.01,0.45,0.22,20.10.2008,
Tetris Plus,PS,Puzzle,Jaleco,Atlus Co.,,2.Apr,2.Jan,,0.24,0.07,18.10.1996,
Madden NFL 11,PS3,Sports,EA Sports,EA Tiburon,8.Apr,2.Apr,2.May,,0.15,0.2,10.8.2010,
Theme Hospital,PC,Strategy,Electronic Arts,Bullfrog Productions,5.May,2.Apr,2.Mar,,0.1,,31.3.1997,
Zumba Fitness,X360,Sports,Majesco,Pipeworks Software, Inc.,,Feb.39,Jan.74,,0.45,0.2,18.11.2010,
Frogger's Adventures: Temple of the Frog,GBA,Adventure,Konami,Konami,6.Jul,Feb.39,Feb.15,,0.18,0.07,24.10.2001,
Monopoly,PC,Misc,Hasbro Interactive,Unknown,,Feb.39,Jan.49,,0.81,0.1,1.1.1995,
Mortal Kombat II (US & Others sales),GEN,Fighting,Acclaim Entertainment,Probe Entertainment Limited,,Feb.39,Jan.78,,0.53,0.08,1.1.1994,
Dead Island,X360,Action,Deep Silver,Techland,7,Feb.38,Jan.48,,0.7,0.21,6.9.2011,
WCW/nWo Revenge,N64,Fighting,THQ,Aki Corp.,,Feb.38,Jan.94,0.03,0.39,0.02,26.10.1998,
The Incredibles,PS2,Action,THQ,Heavy Iron Studios,5.Sep,Feb.37,0.96,0.04,1.Aug,0.3,31.10.2004,
Madden NFL 10,PS3,Sports,EA Sports,EA Tiburon,8.May,Feb.37,2.Mar,,0.13,0.21,14.8.2009,
Madden NFL 08,X360,Sports,EA Sports,EA Tiburon,8.Jul,Feb.37,Feb.18,,0.01,0.18,14.8.2007,
Tony Hawk's Underground 2,PS2,Sports,Activision,Neversoft Entertainment,,Feb.37,Jan.25,0.01,0.86,0.26,4.10.2004,
Sonic's Ultimate Genesis Collection,PS3,Misc,Sega,Backbone Entertainment,8.Jan,Feb.36,Jan.39,,0.64,0.33,10.2.2009,
Destiny 2,XOne,Shooter,Activision,Bungie,,Feb.35,Jan.66,,0.47,0.23,6.9.2017,20.4.2018
LEGO Indiana Jones: The Original Adventures,Wii,Adventure,LucasArts,Traveller's Tales,7.Aug,Feb.35,Jan.51,,0.62,0.22,3.6.2008,
Lego Marvel Super Heroes,X360,Action,Warner Bros. Interactive Entertainment,Traveller's Tales,,Feb.34,Jan.26,,0.87,0.21,22.10.2013,1.12.2018
WWE SmackDown vs Raw 2008,PS2,Fighting,THQ,Yuke's Media Creations,,Feb.34,0.92,0.01,0,Jan.41,13.11.2007,
Dragon Age: Inquisition,PS4,Role-Playing,Electronic Arts,BioWare Edmonton,8.Jun,Feb.34,1.Jul,0.08,0.8,0.38,18.11.2014,5.1.2019
Kinect Sports: Season Two,X360,Sports,Microsoft Studios,Rare Ltd.,6.Jun,Feb.33,Jan.38,0.02,0.72,0.21,25.10.2011,
Madden NFL 25,X360,Sports,EA Sports,EA Tiburon,7.Aug,Feb.33,2.Feb,,0.07,0.25,27.8.2013,6.1.2018
Grand Theft Auto,PS,Action,Take-Two Interactive,DMA Design,6,Feb.32,0.79,0.04,Jan.35,0.14,30.6.1998,
My Fitness Coach,Wii,Sports,Ubisoft,Ubisoft,7.Jan,Feb.32,Jan.18,,0.9,0.24,2.12.2008,
Assassin's Creed IV: Black Flag,XOne,Action,Ubisoft,Ubisoft Montreal,8.Mar,Feb.32,Jan.51,,0.59,0.22,22.11.2013,14.3.2018
Cool Boarders 3,PS,Sports,989 Studios,Idol Minds Digital Entertainment,,Feb.31,Jan.65,0.1,0.46,0.1,28.10.1998,
Need for Speed: High Stakes,PS,Racing,Electronic Arts,EA Canada,,Feb.31,Jan.58,,0.64,0.09,1.3.1999,
The Sims 3,X360,Simulation,Electronic Arts,The Sims Studio,8,Feb.31,Jan.28,0,0.82,0.2,26.10.2010,
LEGO Star Wars: The Complete Saga,PS3,Action,LucasArts,Traveller's Tales,8,Feb.31,1.Feb,,0.93,0.36,6.11.2007,
James Bond 007: Everything or Nothing,PS2,Shooter,Electronic Arts,EA Redwood Shores,,Feb.31,0.85,0.09,1.Jun,0.32,17.2.2004,
Dead Island,PS3,Action,Deep Silver,Techland,6.Jul,Feb.29,1.Aug,0.15,0.74,0.32,6.9.2011,
Tomb Raider II,PC,Adventure,Eidos Interactive,Core Design Ltd.,8.Feb,Feb.29,0.91,,Jan.25,0.13,31.10.1997,
LEGO Harry Potter: Years 1-4,DS,Adventure,Warner Bros. Interactive,Traveller's Tales,8,Feb.29,1.Jul,,1,0.22,29.6.2010,1.12.2018
Pro Evolution Soccer 2010,PS3,Sports,Konami,Konami,7,Feb.28,0.3,0.46,Jan.27,0.26,3.11.2009,
Need for Speed Underground 2,XB,Racing,Electronic Arts,EA Black Box,8,Feb.28,Jan.38,,0.8,0.1,15.11.2004,
FIFA Soccer 09,PS2,Sports,Electronic Arts,EA Canada,,Feb.28,0.38,0.01,0.07,Jan.82,14.10.2008,
Madden NFL 12,PS3,Sports,EA Sports,EA Tiburon,7.Aug,Feb.27,Jan.93,,0.15,0.18,30.8.2011,
Star Wars Battlefront II (US sales),PS2,Shooter,LucasArts,Pandemic Studios,,Feb.27,Feb.18,,0.07,0.02,1.11.2005,
Borderlands 2,PS3,Shooter,2K Games,Gearbox Software,,Feb.27,1.Jun,0.1,0.75,0.36,18.9.2012,
No Man's Sky,PS4,Action-Adventure,Hello Games,Hello Games,6.Aug,Feb.26,0.89,0.04,0.97,0.37,9.8.2016,4.4.2018
Madden NFL 15,PS4,Sports,EA Sports,EA Tiburon,,Feb.25,Jan.58,,0.25,0.41,26.8.2014,4.1.2018
Guitar Hero III: Legends of Rock,PS3,Misc,RedOctane,Neversoft,8.Feb,Feb.25,1.Apr,0.02,0.53,0.3,28.10.2007,
Just Dance Kids,Wii,Misc,Ubisoft,Ubisoft Paris,,Feb.25,Jan.52,,0.54,0.19,9.11.2010,
Cool Boarders 2,PS,Sports,Sony Computer Entertainment,UEP Systems,,Feb.25,Jan.52,0.2,0.46,0.08,31.10.1997,
Sonic Advance,GBA,Platform,Sega,Dimps Corporation / Sonic Team,,Feb.24,Jan.19,0.22,0.71,0.13,4.2.2002,
Call of Duty 3,Wii,Shooter,Activision,EXAKT Entertainment,6.Aug,Feb.24,Jan.17,,0.84,0.23,14.11.2006,
Dance Dance Revolution X2,PS2,Simulation,Konami,Konami Computer Entertainment Tokyo,,Feb.23,1.Sep,,0.85,0.28,27.10.2009,
Teenage Mutant Ninja Turtles II: The Arcade Game,NES,Action,Ultra Games,Konami,,Feb.23,Jan.74,0.21,0.25,0.03,1.12.1990,
Spyro: Season of Ice,GBA,Platform,Vivendi Games,Digital Eclipse,,Feb.23,Jan.29,,0.83,0.11,29.10.2001,
Prince of Persia: The Sands of Time,PS2,Adventure,Ubisoft,Ubisoft Montreal,9,Feb.22,0.88,,1.Mar,0.31,6.11.2003,
FIFA 19,XOne,Sports,Electronic Arts,EA Sports,,Feb.22,0.56,,1.May,0.16,28.9.2018,12.9.2018
Battlefield V,PS4,Shooter,Electronic Arts,EA DICE,,Feb.22,0.8,0.16,0.93,0.34,20.11.2018,19.12.2018
Star Wars: The Force Unleashed,PS3,Action,LucasArts,LucasArts,6.Aug,Feb.22,1.Jan,,0.86,0.35,16.9.2008,
NBA 2K14,PS3,Sports,2K Sports,Visual Concepts,,Feb.22,Jan.45,0.04,0.34,0.39,1.10.2013,5.1.2018
Guitar Hero II,X360,Misc,RedOctane,Harmonix Music Systems,9.Feb,Feb.21,2.Jan,,0.02,0.17,3.4.2007,
Madden NFL 19,PS4,Sports,EA Sports,EA Tiburon,,Feb.21,Jan.63,,0.18,0.41,10.8.2018,27.2.2018
Rock Band 2,X360,Misc,MTV Games,Harmonix Music Systems,9.Feb,2.Feb,Jan.78,,0.24,0.18,14.9.2008,
LEGO Indiana Jones: The Original Adventures,DS,Adventure,LucasArts,Traveller's Tales,,2.Feb,1.Apr,,0.6,0.21,3.6.2008,
Need for Speed: Hot Pursuit,X360,Racing,Electronic Arts,Criterion Games,8.Aug,2.Feb,1.Mar,0,0.96,0.21,16.11.2010,
BioShock 2,X360,Shooter,2K Games,2K Marin,8.Jun,2.Feb,Jan.45,0.02,0.54,0.2,9.2.2010,
R.B.I. Baseball,NES,Sports,Tengen,Namco,,2.Feb,0.15,2.May,,,1.1.1988,
High School Musical: Makin' the Cut!,DS,Puzzle,Disney Interactive Studios,Artificial Mind and Movement,7.Mar,2.Feb,1.Jun,,0.9,0.23,14.8.2007,
FIFA 15,XOne,Sports,EA Sports,EA Canada,7.Sep,Feb.19,0.64,,Jan.39,0.16,23.9.2014,23.3.2018
Skylanders SWAP Force,Wii,Platform,Activision,Beenox,,Feb.19,Jan.23,,0.77,0.19,13.10.2013,16.1.2018
Pro Evolution Soccer 2012,PS3,Sports,Konami,Konami,7.May,Feb.19,0.34,0.55,0.97,0.32,27.9.2011,
Star Wars: Knights of the Old Republic,XB,Role-Playing,LucasArts,BioWare Corp.,9.Apr,Feb.19,Jan.68,,0.44,0.08,17.7.2003,
Final Fantasy XIII,X360,Role-Playing,Square Enix,Square Enix,8.Jan,Feb.19,1.Mar,0.01,0.67,0.21,9.3.2010,
Destiny: The Taken King,PS4,Shooter,Activision,Bungie,,Feb.18,0.97,0.05,0.8,0.36,15.9.2015,20.4.2018
Need for Speed: Payback,PS4,Racing,Electronic Arts,Ghost Games,5.Aug,Feb.18,0.62,0.04,Jan.18,0.34,10.11.2017,4.4.2018
ATV Offroad Fury 2,PS2,Racing,Sony Computer Entertainment,Rainbow Studios,8.Jul,Feb.18,Jan.92,,0.2,0.06,9.11.2002,
Need for Speed Rivals,PS4,Racing,Electronic Arts,Ghost Games,,Feb.17,0.75,0.03,1.Apr,0.35,15.11.2013,16.1.2018
PlayerUnknown's Battlegrounds,XOne,Shooter,Microsoft Studios,PUBG Corporation,,Feb.17,Jan.29,,0.69,0.2,12.12.2017,16.1.2018
Spyro Reignited Trilogy,PS4,Platform,Activision,Toys for Bob,,Feb.17,0.75,,1.Jul,0.35,13.11.2018,8.4.2018
Your Shape featuring Jenny McCarthy,Wii,Sports,Ubisoft,Ubisoft,6,Feb.16,1.May,,0.46,0.19,24.11.2009,
The Sims: House Party,PC,Simulation,Maxis,Maxis,,Feb.16,Jan.23,,0.83,0.1,26.3.2001,
PlayStation VR Worlds,PS4,Misc,Sony Interactive Entertainment,SIE London Studio,,Feb.16,0.36,0.09,1.Apr,0.32,13.10.2016,6.4.2018
Syphon Filter 2,PS,Shooter,989 Studios,Eidetic,,Feb.15,1.May,0.02,0.55,0.08,29.2.2000,
Battlefield: Hardline,PS4,Shooter,Electronic Arts,EA DICE,,Feb.15,0.72,0.14,0.97,0.33,17.3.2015,11.4.2018
Call of Duty: Roads to Victory,PSP,Shooter,Activision,Amaze Entertainment,6.Jan,Feb.14,0.52,,1.Mar,0.59,13.3.2007,
SimCity 2000,PC,Simulation,Maxis,Maxis,8,Feb.14,1.Feb,,0.84,0.1,1.1.1993,
NBA 2K12,PS3,Sports,2K Sports,Visual Concepts,9,Feb.13,Jan.62,0.05,0.27,0.18,4.10.2011,
Dance Dance Revolution Extreme,PS2,Simulation,Konami,Konami Computer Entertainment Tokyo,,Feb.13,1.Apr,,0.81,0.27,21.9.2004,
Demon Attack,2600,Shooter,Imagic,Imagic,,Feb.13,Jan.99,,0.12,0.02,1.1.1982,
Borderlands,PS3,Shooter,2K Games,Gearbox Software,8.Feb,2.Dec,Jan.22,,0.61,0.29,20.10.2009,
Mortal Kombat (2011),X360,Fighting,Warner Bros. Interactive Entertainment,NetherRealm Studios,8.Jun,2.Dec,Jan.64,,0.31,0.17,19.4.2011,6.1.2018
Tony Hawk's Pro Skater,N64,Sports,Activision,Edge of Reality,9.Mar,2.Nov,Jan.68,,0.4,0.03,29.2.2000,
Need for Speed: Hot Pursuit 2,PS2,Racing,Electronic Arts,EA Seattle,8.Jul,2.Nov,Jan.68,0.02,0.31,0.09,1.10.2002,
PES 2009: Pro Evolution Soccer,PS3,Sports,Konami,Konami,7.Jul,2.Nov,0.11,0.4,Jan.34,0.26,11.11.2008,
NBA 2K11,X360,Sports,2K Sports,Visual Concepts,8.Aug,2.Nov,Jan.86,0.01,0.12,0.13,5.10.2010,
Scooby-Doo! Night of 100 Frights,PS2,Platform,THQ,Heavy Iron Studios,,2.Jan,Jan.17,,0.72,0.22,20.5.2002,
Battlefield 4,XOne,Shooter,Electronic Arts,EA DICE,,2.Sep,Jan.26,,0.65,0.19,22.11.2013,5.1.2018
Finding Nemo,PS2,Action,THQ,Traveller's Tales,,2.Sep,Jan.26,0.05,0.6,0.18,9.5.2003,
Madden NFL 15,X360,Sports,EA Sports,EA Tiburon,,2.Sep,1.Aug,,0.06,0.22,26.8.2014,4.1.2018
Grand Theft Auto: Episodes from Liberty City,PS3,Adventure,Rockstar Games,Rockstar North,9,2.Sep,0.62,0.13,0.99,0.34,13.4.2010,
Need for Speed: Most Wanted 5-1-0,PSP,Racing,Electronic Arts,EA Black Box,7.Apr,2.Sep,Jan.77,0.02,0.13,0.17,15.11.2005,
Just Dance 2015,Wii,Music,Ubisoft,Ubisoft Paris,,2.Sep,1,,0.91,0.18,21.10.2014,3.4.2018
Tetris Worlds,PS2,Puzzle,THQ,Blue Planet Software,,2.Aug,1.Nov,,0.71,0.27,20.3.2002,
Metal Gear Solid: Peace Walker,PSP,Action,Konami,Kojima Productions,8.Jun,2.Aug,0.46,0.96,0.42,0.25,8.6.2010,
Rock Band,Wii,Misc,MTV Games,Harmonix Music Systems,8.Feb,2.Aug,Jan.33,,0.56,0.2,22.6.2008,
Sim Theme Park,PC,Strategy,Electronic Arts,Bullfrog Productions,8.Jan,2.Aug,2.Apr,,0.04,,31.10.1999,
Wipeout: The Game,Wii,Misc,Activision,Endemol,,2.Aug,Jan.94,,,0.14,22.6.2010,
Portal 2,X360,Shooter,Valve,Valve Software,9.Jun,2.Aug,Jan.41,0.01,0.49,0.17,19.4.2011,
UFC 2009 Undisputed,X360,Fighting,THQ,Yuke's Osaka,8.Apr,2.Jul,Jan.48,0,0.39,0.19,19.5.2009,
Spec Ops: Airborne Commando,PS,Shooter,Gotham Games,Big Grub,,2.Jul,Jan.54,,0.46,0.08,31.10.2002,
Dance Dance Revolution: Hottest Party,Wii,Simulation,Konami,Bemani,,2.Jul,Jan.35,,0.53,0.19,25.9.2007,
Rise of the Tomb Raider,PS4,Adventure,Square Enix,Crystal Dynamics,,2.Jul,0.61,0.05,1.Aug,0.32,11.10.2016,11.4.2018
The Sims 2: Pets,DS,Simulation,Electronic Arts,Maxis,4.Aug,2.Jul,0.92,,0.93,0.22,31.10.2006,
Call of Duty 2,X360,Shooter,Activision,Infinity Ward,8.Aug,2.Jun,Jan.84,0.01,0.04,0.16,17.11.2005,
R4: Ridge Racer Type 4,PS,Racing,Namco,Namco,9.Jan,2.Jun,0.68,0.79,0.46,0.13,4.5.1999,
The Incredibles,GBA,Action,THQ,Helixe,5.Apr,2.Jun,Jan.15,0.04,0.77,0.1,31.10.2004,
Toy Story 3: The Video Game,DS,Action,Disney Interactive Studios,Avalanche Software,,2.Jun,0.89,0.02,0.95,0.21,15.6.2010,
Hitman: Absolution,PS3,Action,Square Enix,IO Interactive,,2.Jun,0.59,0.07,1.Aug,0.32,20.11.2012,
Tom Clancy's Splinter Cell: Conviction,X360,Action,Ubisoft,Ubisoft Montreal,8.Jun,2.Jun,1.Feb,0.04,0.62,0.19,13.4.2010,
Need for Speed: Undercover,PS3,Racing,Electronic Arts,EA Vancouver,5.Sep,2.Jun,0.63,0.05,1.Jan,0.38,17.11.2008,
Famista '89 - Kaimaku Han!!,NES,Sports,Namco,Namco,,2.May,,2.May,,,28.7.1989,